n_topic,seed_a,seed_b,iter_a,iter_b,passes_a,passes_b,mean,median,min,max,std,mad,corpus
10,0,0,50,100,1,1,0.7011763758577150,0.7730061349693250,0.058252427184466000,0.8571428571428570,0.19084992179893400,0.06458489127672700,5
10,1,1,50,100,1,1,0.6883375504245510,0.7421383647798740,0.07692307692307690,0.8764044943820230,0.1880586997679720,0.07313355530891610,5
10,2,2,50,100,1,1,0.6578344490555220,0.7012987012987010,0.13084112149532700,0.8304093567251460,0.16740333676948900,0.07220454545454540,5
10,3,3,50,100,1,1,0.6794634254839440,0.7421383647798740,0.07692307692307690,0.88268156424581,0.1935132378414130,0.07864060013639460,5
10,4,4,50,100,1,1,0.6951607446886920,0.7654320987654320,0.07692307692307690,0.88268156424581,0.1939339055630620,0.05829205001179520,5
10,5,5,50,100,1,1,0.6736579785019530,0.7138130686517780,0.07692307692307690,0.9010989010989010,0.1951202910128120,0.09218620460951740,5
10,6,6,50,100,1,1,0.680951701563766,0.717948717948718,0.09523809523809520,0.88268156424581,0.17751054861443700,0.0816281264747522,5
10,7,7,50,100,1,1,0.6946620640877110,0.75,0.058252427184466000,0.88268156424581,0.19176161198462200,0.0812351767054127,5
10,8,8,50,100,1,1,0.6758996244701660,0.7341772151898730,0.039215686274509800,0.8571428571428570,0.1769996409011750,0.07413901597013660,5
10,9,9,50,100,1,1,0.6758606750782910,0.7301459324357010,0.09523809523809520,0.88268156424581,0.17934492980463400,0.068103833113381,5
10,10,10,50,100,1,1,0.67566579061426,0.7220316838151230,0.039215686274509800,0.8888888888888890,0.18555691018974100,0.08437560975609750,5
10,11,11,50,100,1,1,0.659427816878121,0.7096774193548390,0.07692307692307690,0.8571428571428570,0.1788297463400520,0.0826618876941458,5
10,12,12,50,100,1,1,0.681628431470878,0.7341772151898730,0.07692307692307690,0.8700564971751410,0.1852807700616810,0.07961795166858450,5
10,13,13,50,100,1,1,0.6840924828879410,0.7261146496815290,0.07692307692307690,0.8888888888888890,0.1858790958336220,0.0722837524885223,5
10,14,14,50,100,1,1,0.6764929698024180,0.7261146496815290,0.07692307692307690,0.8700564971751410,0.18667141177238900,0.07504618888935760,5
10,15,15,50,100,1,1,0.6851736803663420,0.7421383647798740,0.07692307692307690,0.8764044943820230,0.1880343080502550,0.07588707772265530,5
10,16,16,50,100,1,1,0.6999989721864610,0.7538819875776400,0.09523809523809520,0.8950276243093920,0.19016189952345800,0.0824945652173914,5
10,17,17,50,100,1,1,0.6776407472460310,0.7261146496815290,0.09523809523809520,0.8505747126436780,0.18429675212441700,0.06952131608768700,5
10,18,18,50,100,1,1,0.6921732393759770,0.7341772151898730,0.09523809523809520,0.8888888888888890,0.1895462553309320,0.07961795166858450,5
10,19,19,50,100,1,1,0.6885989226160590,0.7301459324357010,0.09523809523809520,0.9130434782608700,0.18799248200586300,0.08985454545454540,5
10,20,20,50,100,1,1,0.6891308274900300,0.7301459324357010,0.058252427184466000,0.907103825136612,0.18563077893593200,0.07137034659820280,5
10,21,21,50,100,1,1,0.6840968887371100,0.7301459324357010,0.07692307692307690,0.9130434782608700,0.18737009365034800,0.08559473147992040,5
10,22,22,50,100,1,1,0.6675136676861590,0.7096774193548390,0.1132075471698110,0.8372093023255810,0.18313661322421100,0.07129312762973340,5
10,23,23,50,100,1,1,0.7051227736953870,0.7538819875776400,0.09523809523809520,0.9010989010989010,0.19202677671311900,0.09293835219963980,5
10,24,24,50,100,1,1,0.6820353378282820,0.717948717948718,0.07692307692307690,0.8888888888888890,0.18941535117685700,0.08546300489974060,5
10,25,25,50,100,1,1,0.6824481425097440,0.7261146496815290,0.09523809523809520,0.9010989010989010,0.18633168191033400,0.06952131608768700,5
10,26,26,50,100,1,1,0.6763047226677320,0.7261146496815290,0.1132075471698110,0.8372093023255810,0.17472300316134100,0.05829205001179520,5
10,27,27,50,100,1,1,0.6552250445873520,0.6928104575163400,0.1132075471698110,0.8571428571428570,0.17200073927992400,0.09054465046888320,5
10,28,28,50,100,1,1,0.6625849597567520,0.717948717948718,0.058252427184466000,0.8505747126436780,0.17766390338776300,0.06666911945057650,5
10,29,29,50,100,1,1,0.6800798741041030,0.7261146496815290,0.07692307692307690,0.8636363636363640,0.1774809977517700,0.06212705330204500,5
10,30,30,50,100,1,1,0.6752151938724700,0.7261146496815290,0.09523809523809520,0.8888888888888890,0.17717273409282500,0.07504618888935760,5
10,31,31,50,100,1,1,0.6830674239657840,0.7341772151898730,0.07692307692307690,0.8636363636363640,0.18718561343139800,0.0686600802716888,5
10,32,32,50,100,1,1,0.6969124030360500,0.7421383647798740,0.1132075471698110,0.9130434782608700,0.18896027733563100,0.0893367981019093,5
10,33,33,50,100,1,1,0.6586566091531970,0.7096774193548390,0.07692307692307690,0.8700564971751410,0.175032081400717,0.07129312762973340,5
10,34,34,50,100,1,1,0.6658668398692020,0.6970545794075210,0.1132075471698110,0.8700564971751410,0.1797507590139280,0.08770186335403720,5
10,35,35,50,100,1,1,0.6811352808980700,0.7261146496815290,0.07692307692307690,0.8764044943820230,0.17612012871015100,0.06212705330204500,5
10,36,36,50,100,1,1,0.659700354224136,0.7012987012987010,0.07692307692307690,0.8700564971751410,0.177769834492259,0.07220454545454540,5
10,37,37,50,100,1,1,0.6907778606949700,0.7421383647798740,0.058252427184466000,0.8888888888888890,0.19234825222426700,0.07864060013639460,5
10,38,38,50,100,1,1,0.67491061696614,0.7261146496815290,0.058252427184466000,0.8636363636363640,0.18304533883156300,0.05383442265795210,5
10,39,39,50,100,1,1,0.7077349904837660,0.7654320987654320,0.07692307692307690,0.88268156424581,0.18913585732354400,0.05480150809492120,5
10,40,40,50,100,1,1,0.6976713272769810,0.75,0.07692307692307690,0.8764044943820230,0.18027075186776000,0.047519230769230800,5
10,41,41,50,100,1,1,0.6671139220824390,0.70548806032677,0.1132075471698110,0.88268156424581,0.17720408845280200,0.07750427132474810,5
10,42,42,50,100,1,1,0.7011705677334690,0.7577639751552800,0.09523809523809520,0.9130434782608700,0.18958003404233000,0.06873169789453350,5
10,43,43,50,100,1,1,0.6797922638917320,0.7220316838151230,0.07692307692307690,0.9010989010989010,0.1836879309815230,0.06434545520532790,5
10,44,44,50,100,1,1,0.6928669591611340,0.7421383647798740,0.09523809523809520,0.8888888888888890,0.193040352885451,0.0893367981019093,5
10,45,45,50,100,1,1,0.68395177247843,0.7381577899848740,0.09523809523809520,0.8950276243093920,0.18914484358272500,0.09290134870309720,5
10,46,46,50,100,1,1,0.6844778394917320,0.7301459324357010,0.09523809523809520,0.8505747126436780,0.18610315152017400,0.08102296870069370,5
10,47,47,50,100,1,1,0.6741092012869340,0.717948717948718,0.07692307692307690,0.8764044943820230,0.17748809448995700,0.06293937850229240,5
10,48,48,50,100,1,1,0.680065806227345,0.717948717948718,0.039215686274509800,0.9130434782608700,0.1863189566288180,0.07882944785276070,5
10,49,49,50,100,1,1,0.6799216764047110,0.7460691823899370,0.09523809523809520,0.8700564971751410,0.18665907501157300,0.07281276994771540,5
10,50,50,200,400,1,1,0.7012428333370110,0.7692191168673790,0.01980198019801980,0.9130434782608700,0.21765211994143100,0.08949858517260900,5
10,51,51,200,400,1,1,0.6843106330451910,0.7421383647798740,0.039215686274509800,0.9130434782608700,0.20316473635700000,0.0704741532976827,5
10,52,52,200,400,1,1,0.6840393521725640,0.7421383647798740,0.039215686274509800,0.9010989010989010,0.2172460751125760,0.07864060013639460,5
10,53,53,200,400,1,1,0.6934134786274420,0.7421383647798740,0.01980198019801980,0.907103825136612,0.2166522873503870,0.09990566037735840,5
10,54,54,200,400,1,1,0.6684987471670640,0.717948717948718,0.0,0.8888888888888890,0.20277605288926200,0.10274428274428300,5
10,55,55,200,400,1,1,0.6843511850857530,0.7261146496815290,0.058252427184466000,0.8571428571428570,0.19735288852774000,0.06952131608768700,5
10,56,56,200,400,1,1,0.702528279068456,0.7538819875776400,0.039215686274509800,0.9247311827956990,0.2150599146702400,0.10327708978328200,5
10,57,57,200,400,1,1,0.7017059226527690,0.7577639751552800,0.01980198019801980,0.8764044943820230,0.2122751680182470,0.07401612903225800,5
10,58,58,200,400,1,1,0.6912025936460870,0.7421383647798740,0.039215686274509800,0.8764044943820230,0.2068519241738860,0.08761030570438070,5
10,59,59,200,400,1,1,0.6771289188826040,0.7261146496815290,0.058252427184466000,0.9130434782608700,0.2003594475195800,0.060209551656920100,5
10,60,60,200,400,1,1,0.6937461988047300,0.7577639751552800,0.039215686274509800,0.8888888888888890,0.20742595483121300,0.09174150133426150,5
10,61,61,200,400,1,1,0.6880915303589550,0.7577639751552800,0.058252427184466000,0.907103825136612,0.20749968426491500,0.08022727272727270,5
10,62,62,200,400,1,1,0.6676108277144020,0.7261146496815290,0.058252427184466000,0.8700564971751410,0.2003797403689370,0.08061363989436070,5
10,63,63,200,400,1,1,0.6879317130180320,0.7381577899848740,0.01980198019801980,0.907103825136612,0.2125008611914320,0.09290134870309720,5
10,64,64,200,400,1,1,0.6906336235305190,0.7421383647798740,0.039215686274509800,0.8888888888888890,0.2052037653362180,0.06781475128644930,5
10,65,65,200,400,1,1,0.6618297330086050,0.7012987012987010,0.058252427184466000,0.8950276243093920,0.20125004464826800,0.08939979505196900,5
10,66,66,200,400,1,1,0.6811631197257800,0.7577639751552800,0.039215686274509800,0.88268156424581,0.21368662666986100,0.0837154150197628,5
10,67,67,200,400,1,1,0.6801044210130300,0.7381577899848740,0.039215686274509800,0.8700564971751410,0.20676718657197600,0.07684928229665070,5
10,68,68,200,400,1,1,0.6676076718262530,0.7261146496815290,0.058252427184466000,0.8505747126436780,0.20463351535806800,0.08813757961783440,5
10,69,69,200,400,1,1,0.6652000677794420,0.717948717948718,0.07692307692307690,0.8764044943820230,0.1984612849383260,0.0703988603988605,5
10,70,70,200,400,1,1,0.677535563561372,0.7301459324357010,0.039215686274509800,0.9010989010989010,0.19878617077335900,0.06354453627635090,5
10,71,71,200,400,1,1,0.6774591654173790,0.7341772151898730,0.01980198019801980,0.8888888888888890,0.19371571186265700,0.07961795166858450,5
10,72,72,200,400,1,1,0.6827115226806870,0.7421383647798740,0.058252427184466000,0.907103825136612,0.20746530443518000,0.07864060013639460,5
10,73,73,200,400,1,1,0.6665664360405890,0.7261146496815290,0.039215686274509800,0.8571428571428570,0.20117060886573800,0.04937679530410900,5
10,74,74,200,400,1,1,0.7107455722344630,0.7841832963784180,0.039215686274509800,0.9130434782608700,0.21723276934275600,0.06853475707005880,5
10,75,75,200,400,1,1,0.693793605711026,0.7421383647798740,0.01980198019801980,0.8764044943820230,0.20833761714124900,0.0704741532976827,5
10,76,76,200,400,1,1,0.688301408825956,0.75,0.01980198019801980,0.8439306358381500,0.20308903703947600,0.05978225806451610,5
10,77,77,200,400,1,1,0.6719929688262560,0.717948717948718,0.039215686274509800,0.8950276243093920,0.20910953763916900,0.08546300489974060,5
10,78,78,200,400,1,1,0.6953520562819820,0.7538819875776400,0.039215686274509800,0.907103825136612,0.21583812579551700,0.09054465046888310,5
10,79,79,200,400,1,1,0.6854363276320460,0.7261146496815290,0.058252427184466000,0.907103825136612,0.21023640515531900,0.08813757961783440,5
10,80,80,200,400,1,1,0.684669222747918,0.7421383647798740,0.01980198019801980,0.8950276243093920,0.20969082576616400,0.06781475128644930,5
10,81,81,200,400,1,1,0.6904132401166870,0.75,0.01980198019801980,0.8764044943820230,0.21042129879735000,0.07220454545454540,5
10,82,82,200,400,1,1,0.6949643700053030,0.7654320987654320,0.039215686274509800,0.9010989010989010,0.22185902329771100,0.08613507625272320,5
10,83,83,200,400,1,1,0.6585169176129210,0.7096774193548390,0.039215686274509800,0.8372093023255810,0.1946288457599840,0.07129312762973340,5
10,84,84,200,400,1,1,0.6466655422321800,0.6842105263157900,0.039215686274509800,0.8439306358381500,0.18551420133902900,0.05272403982930300,5
10,85,85,200,400,1,1,0.6930556758210160,0.7460691823899370,0.058252427184466000,0.9130434782608700,0.21336767650608100,0.07896138549759530,5
10,86,86,200,400,1,1,0.6699439839028490,0.7341772151898730,0.039215686274509800,0.8700564971751410,0.20531626481311900,0.09044380051852980,5
10,87,87,200,400,1,1,0.6653239418974420,0.7261146496815290,0.039215686274509800,0.9010989010989010,0.2033571979767650,0.06952131608768700,5
10,88,88,200,400,1,1,0.6771416293258650,0.717948717948718,0.01980198019801980,0.9010989010989010,0.2097403786242480,0.07603076923076910,5
10,89,89,200,400,1,1,0.6893083801280630,0.7577639751552800,0.039215686274509800,0.8571428571428570,0.2066242858339260,0.05903010033444810,5
10,90,90,200,400,1,1,0.7017067921833010,0.7577639751552800,0.01980198019801980,0.907103825136612,0.21245853668247200,0.07129312762973340,5
10,91,91,200,400,1,1,0.6837977945120140,0.7421383647798740,0.039215686274509800,0.9304812834224600,0.2104864459923760,0.08588381330685210,5
10,92,92,200,400,1,1,0.6973843283404280,0.776746969923687,0.039215686274509800,0.8764044943820230,0.2082695714582960,0.08336707152496630,5
10,93,93,200,400,1,1,0.6885787928129130,0.7381577899848740,0.039215686274509800,0.9010989010989010,0.21771553970865600,0.09290134870309720,5
10,94,94,200,400,1,1,0.6961375317003850,0.7577639751552800,0.039215686274509800,0.9189189189189190,0.21193893830491100,0.05547407019381880,5
10,95,95,200,400,1,1,0.6547556322737190,0.7096774193548390,0.039215686274509800,0.8764044943820230,0.19705682162211000,0.050676351207007100,5
10,96,96,200,400,1,1,0.6778450893317830,0.7341772151898730,0.07692307692307690,0.8700564971751410,0.1952951714261610,0.07408061292471690,5
10,97,97,200,400,1,1,0.6839033798891760,0.7421383647798740,0.01980198019801980,0.8700564971751410,0.20709864942784000,0.0893367981019093,5
10,98,98,200,400,1,1,0.6918661895167700,0.75,0.039215686274509800,0.8950276243093920,0.20773511821672000,0.0812351767054127,5
10,99,99,200,400,1,1,0.6917312677889580,0.7615980369603560,0.058252427184466000,0.8764044943820230,0.20767912482591900,0.09060962566844920,5
10,100,100,800,1600,1,1,0.6782225103780000,0.7381577899848740,0.0,0.9189189189189190,0.22173116692726800,0.0627584800806211,5
10,101,101,800,1600,1,1,0.6866390382547360,0.7538819875776400,0.0,0.9010989010989010,0.22694071902057700,0.08651960784313730,5
10,102,102,800,1600,1,1,0.684993732346328,0.7421383647798740,0.039215686274509800,0.8950276243093920,0.21962991996227600,0.0704741532976827,5
10,103,103,800,1600,1,1,0.6818430181025600,0.7460691823899370,0.0,0.8764044943820230,0.22434993266979300,0.08350896791323010,5
10,104,104,800,1600,1,1,0.6902569120992100,0.7577639751552800,0.01980198019801980,0.9189189189189190,0.22610906617790600,0.08544916621839690,5
10,105,105,800,1600,1,1,0.7009806955670000,0.7730061349693250,0.01980198019801980,0.9010989010989010,0.23324096466433000,0.1051526649881200,5
10,106,106,800,1600,1,1,0.6705745359420890,0.7341772151898730,0.0,0.8888888888888890,0.22122472226394400,0.07684928229665070,5
10,107,107,800,1600,1,1,0.6724786994305770,0.7381577899848740,0.01980198019801980,0.8950276243093920,0.21838497285910700,0.08226220672162330,5
10,108,108,800,1600,1,1,0.6819667215149140,0.7220316838151230,0.0,0.8764044943820230,0.22792742873587800,0.09762491648478910,5
10,109,109,800,1600,1,1,0.6662957150332580,0.717948717948718,0.0,0.8950276243093920,0.22407318187329000,0.0977323665128543,5
10,110,110,800,1600,1,1,0.6771899539349260,0.7341772151898730,0.01980198019801980,0.8888888888888890,0.22030320324062800,0.0686600802716888,5
10,111,111,800,1600,1,1,0.6593533212805360,0.7261146496815290,0.0,0.8571428571428570,0.21464113695569800,0.06952131608768700,5
10,112,112,800,1600,1,1,0.6933800130280690,0.7654320987654320,0.0,0.88268156424581,0.22475133302240900,0.08613507625272320,5
10,113,113,800,1600,1,1,0.6839832772641800,0.7577639751552800,0.0,0.8950276243093920,0.2230802719768330,0.06873169789453350,5
10,114,114,800,1600,1,1,0.6729435210706700,0.7341772151898730,0.01980198019801980,0.8636363636363640,0.21922148944843000,0.059449055695898000,5
10,115,115,800,1600,1,1,0.6831273293142360,0.7341772151898730,0.01980198019801980,0.9247311827956990,0.22687674157161600,0.08503087609355710,5
10,116,116,800,1600,1,1,0.6888180801933010,0.75,0.01980198019801980,0.8764044943820230,0.2236588819759030,0.0812351767054127,5
10,117,117,800,1600,1,1,0.6905096058224050,0.7577639751552800,0.01980198019801980,0.9010989010989010,0.2250195540562850,0.08718291741703110,5
10,118,118,800,1600,1,1,0.6592973760517610,0.717948717948718,0.01980198019801980,0.8636363636363640,0.21706292394728500,0.07603076923076910,5
10,119,119,800,1600,1,1,0.6742832038260670,0.7261146496815290,0.01980198019801980,0.9130434782608700,0.22586622232926200,0.09157151129125640,5
10,120,120,800,1600,1,1,0.6900430475440340,0.7538819875776400,0.01980198019801980,0.9130434782608700,0.22532589628744500,0.07795998023715400,5
10,121,121,800,1600,1,1,0.6748483522675460,0.7261146496815290,0.01980198019801980,0.8636363636363640,0.2164728680134340,0.060209551656920100,5
10,122,122,800,1600,1,1,0.6629590362976720,0.717948717948718,0.0,0.8439306358381500,0.21589810146807700,0.07603076923076910,5
10,123,123,800,1600,1,1,0.6799637473327860,0.7341772151898730,0.0,0.8700564971751410,0.22698304286074600,0.11335825333446600,5
10,124,124,800,1600,1,1,0.6850076218836450,0.7577639751552800,0.0,0.8700564971751410,0.22153984994669200,0.05903010033444810,5
10,125,125,800,1600,1,1,0.6819527586134520,0.75,0.0,0.8439306358381500,0.21482423591687400,0.05978225806451610,5
10,126,126,800,1600,1,1,0.6585643734994370,0.717948717948718,0.0,0.8505747126436780,0.214123425362178,0.0703988603988605,5
10,127,127,800,1600,1,1,0.6693890539739760,0.7220316838151230,0.01980198019801980,0.8700564971751410,0.223103091877007,0.10303784090976200,5
10,128,128,800,1600,1,1,0.6614324209325310,0.7220316838151230,0.01980198019801980,0.8636363636363640,0.21706625051580700,0.08208417442430170,5
10,129,129,800,1600,1,1,0.6965052221200820,0.7615980369603560,0.01980198019801980,0.8950276243093920,0.22865696392710700,0.11210126203048300,5
10,130,130,800,1600,1,1,0.6919918567534670,0.7577639751552800,0.01980198019801980,0.8888888888888890,0.2239961353152880,0.06873169789453350,5
10,131,131,800,1600,1,1,0.670884213273873,0.7301459324357010,0.0,0.88268156424581,0.21986587586397100,0.08559473147992040,5
10,132,132,800,1600,1,1,0.667840611505474,0.7301459324357010,0.01980198019801980,0.8505747126436780,0.21432346524502000,0.055353575115445000,5
10,133,133,800,1600,1,1,0.6877059911416720,0.7654320987654320,0.0,0.8636363636363640,0.22722365572110700,0.06537037037037030,5
10,134,134,800,1600,1,1,0.6591982991062350,0.717948717948718,0.01980198019801980,0.8304093567251460,0.21319991746508400,0.04876973684210530,5
10,135,135,800,1600,1,1,0.6421819082450780,0.6928104575163400,0.01980198019801980,0.8372093023255810,0.20927577790594000,0.10692630155510500,5
10,136,136,800,1600,1,1,0.6669091147384230,0.7301459324357010,0.0,0.8764044943820230,0.21935853051384700,0.10711677829538000,5
10,137,137,800,1600,1,1,0.683140151583519,0.7577639751552800,0.0,0.8439306358381500,0.2171864728972510,0.05903010033444810,5
10,138,138,800,1600,1,1,0.672720794862613,0.7341772151898730,0.0,0.8505747126436780,0.21781169300520900,0.0686600802716888,5
10,139,139,800,1600,1,1,0.6635481725745960,0.7261146496815290,0.01980198019801980,0.88268156424581,0.21927885599937900,0.07504618888935760,5
10,140,140,800,1600,1,1,0.6804218442550880,0.7577639751552800,0.0,0.88268156424581,0.2217017777171560,0.06617026815933350,5
10,141,141,800,1600,1,1,0.670845050826765,0.7301459324357010,0.01980198019801980,0.8372093023255810,0.2134801263487890,0.07782991439185920,5
10,142,142,800,1600,1,1,0.6787732450352210,0.75,0.0,0.8636363636363640,0.2236649047366600,0.07494284158954820,5
10,143,143,800,1600,1,1,0.6967588705027730,0.7653850550623020,0.01980198019801980,0.907103825136612,0.22977097940066600,0.1070428636570910,5
10,144,144,800,1600,1,1,0.6642661417055710,0.7220316838151230,0.0,0.8764044943820230,0.2138505316613810,0.060209551656920100,5
10,145,145,800,1600,1,1,0.6857242043314200,0.7460691823899370,0.0,0.8950276243093920,0.22564398289494100,0.06959474260679080,5
10,146,146,800,1600,1,1,0.6860883642092570,0.7421383647798740,0.01980198019801980,0.907103825136612,0.2233382663800870,0.0704741532976827,5
10,147,147,800,1600,1,1,0.6682466373399360,0.7261146496815290,0.01980198019801980,0.8764044943820230,0.22163591702160200,0.09648810250152530,5
10,148,148,800,1600,1,1,0.665536624356223,0.7261146496815290,0.01980198019801980,0.8636363636363640,0.21721142017217300,0.07782991439185920,5
10,149,149,800,1600,1,1,0.6591446630733820,0.7220316838151230,0.0,0.8304093567251460,0.21428900875228300,0.05297669514091560,5
20,150,150,50,100,1,1,0.7809156481557380,0.8023952095808380,0.1132075471698110,0.9417989417989420,0.1369279905616980,0.06387534556421210,5
20,151,151,50,100,1,1,0.7905641090770210,0.8165680473372780,0.1651376146788990,0.9417989417989420,0.13334937710012500,0.053492567470053300,5
20,152,152,50,100,1,1,0.7911514721321920,0.8165680473372780,0.1132075471698110,0.9417989417989420,0.14081997390381000,0.06978348574502430,5
20,153,153,50,100,1,1,0.7900659887449390,0.8165680473372780,0.07692307692307690,0.9473684210526320,0.13469165000212300,0.05682439024390250,5
20,154,154,50,100,1,1,0.7924317955552550,0.8235294117647060,0.07692307692307690,0.9473684210526320,0.14262802948813400,0.07664920383263260,5
20,155,155,50,100,1,1,0.7969605065145910,0.8338093295253640,0.1132075471698110,0.9417989417989420,0.14514959979087500,0.07245797519653360,5
20,156,156,50,100,1,1,0.7899915732500110,0.8235294117647060,0.1132075471698110,0.9473684210526320,0.14422316395390800,0.06898105682951150,5
20,157,157,50,100,1,1,0.7943607764643920,0.8304093567251460,0.058252427184466000,0.9189189189189190,0.13844199624035300,0.06819239109008470,5
20,158,158,50,100,1,1,0.7886158568972480,0.8165680473372780,0.13084112149532700,0.9583333333333330,0.14295422235641600,0.06458489127672700,5
20,159,159,50,100,1,1,0.7782786053581750,0.8023952095808380,0.1132075471698110,0.9361702127659580,0.13553162978989700,0.06617026815933350,5
20,160,160,50,100,1,1,0.78776613262301,0.8095238095238100,0.07692307692307690,0.9473684210526320,0.13875502735481100,0.06537037037037030,5
20,161,161,50,100,1,1,0.7892149330496,0.8165680473372780,0.1132075471698110,0.9473684210526320,0.13781039669535900,0.05682439024390250,5
20,162,162,50,100,1,1,0.7781939531487350,0.8023952095808380,0.1132075471698110,0.9473684210526320,0.12883169672423500,0.04759380796119270,5
20,163,163,50,100,1,1,0.790163651166946,0.8235294117647060,0.1132075471698110,0.9189189189189190,0.1394204798121540,0.05285561497326200,5
20,164,164,50,100,1,1,0.778404861080465,0.8023952095808380,0.09523809523809520,0.9417989417989420,0.13854806357616100,0.05480150809492120,5
20,165,165,50,100,1,1,0.7870539257134470,0.8095238095238100,0.09523809523809520,0.9361702127659580,0.13578090549833200,0.06537037037037030,5
20,166,166,50,100,1,1,0.7891898116752550,0.8235294117647060,0.13084112149532700,0.9473684210526320,0.14137378041925900,0.05946256684491990,5
20,167,167,50,100,1,1,0.7825216320414120,0.8095238095238100,0.058252427184466000,0.9361702127659580,0.13488354272393700,0.054141104294478600,5
20,168,168,50,100,1,1,0.7930823926038420,0.8235294117647060,0.1132075471698110,0.9528795811518330,0.1379942643391150,0.05946256684491990,5
20,169,169,50,100,1,1,0.7835957542268150,0.8165680473372780,0.14814814814814800,0.9361702127659580,0.14120997272876300,0.06978348574502430,5
20,170,170,50,100,1,1,0.7788897853794940,0.8023952095808380,0.07692307692307690,0.9417989417989420,0.1366377044189430,0.05480150809492120,5
20,171,171,50,100,1,1,0.7922792273901210,0.8235294117647060,0.09523809523809520,0.9361702127659580,0.1410841394936880,0.06898105682951150,5
20,172,172,50,100,1,1,0.7940660120863800,0.8235294117647060,0.039215686274509800,0.9417989417989420,0.13580861640128900,0.05285561497326200,5
20,173,173,50,100,1,1,0.786235807151961,0.8165680473372780,0.1132075471698110,0.9417989417989420,0.13847849267736100,0.06237055214723930,5
20,174,174,50,100,1,1,0.7844905825821860,0.8165680473372780,0.09523809523809520,0.9304812834224600,0.14006708536149400,0.06458489127672700,5
20,175,175,50,100,1,1,0.7863516980985270,0.8095238095238100,0.1132075471698110,0.9637305699481870,0.14144641167656500,0.07060000000000010,5
20,176,176,50,100,1,1,0.7795749915513890,0.8095238095238100,0.14814814814814800,0.9304812834224600,0.1363549956112640,0.06537037037037030,5
20,177,177,50,100,1,1,0.7891258953868260,0.8235294117647060,0.09523809523809520,0.9304812834224600,0.14172392541163000,0.05946256684491990,5
20,178,178,50,100,1,1,0.7937690964247250,0.8235294117647060,0.07692307692307690,0.9528795811518330,0.13818155306999900,0.05285561497326200,5
20,179,179,50,100,1,1,0.788522879343827,0.8165680473372780,0.1132075471698110,0.9473684210526320,0.14409543257859300,0.06978348574502430,5
20,180,180,50,100,1,1,0.787171307697761,0.8165680473372780,0.09523809523809520,0.9361702127659580,0.14016589629286400,0.06458489127672700,5
20,181,181,50,100,1,1,0.7973552043119210,0.8235294117647060,0.07692307692307690,0.9583333333333330,0.14780905313181000,0.07194343350317150,5
20,182,182,50,100,1,1,0.7910539498565280,0.8235294117647060,0.07692307692307690,0.9247311827956990,0.13465812768813200,0.04983529411764720,5
20,183,183,50,100,1,1,0.786856720083641,0.8165680473372780,0.13084112149532700,0.9304812834224600,0.13976494333669500,0.06015621301775160,5
20,184,184,50,100,1,1,0.7840002781670480,0.8165680473372780,0.09523809523809520,0.9417989417989420,0.14172547327375200,0.053492567470053300,5
20,185,185,50,100,1,1,0.7888350149486400,0.8235294117647060,0.07692307692307690,0.9473684210526320,0.14126172246203000,0.05946256684491990,5
20,186,186,50,100,1,1,0.7755666156081870,0.8023952095808380,0.14814814814814800,0.9417989417989420,0.13247502106276300,0.06617026815933350,5
20,187,187,50,100,1,1,0.7831650338695590,0.8165680473372780,0.1132075471698110,0.9247311827956990,0.1407571655989550,0.06015621301775160,5
20,188,188,50,100,1,1,0.8067997146141810,0.8372093023255810,0.13084112149532700,0.9361702127659580,0.1415907584530960,0.05811079174287970,5
20,189,189,50,100,1,1,0.7882364196837020,0.8235294117647060,0.1132075471698110,0.9528795811518330,0.14727081597089800,0.08613507625272320,5
20,190,190,50,100,1,1,0.7858825612750050,0.8095238095238100,0.1132075471698110,0.9247311827956990,0.13420657006873100,0.060862068965517200,5
20,191,191,50,100,1,1,0.7914232575613530,0.8165680473372780,0.09523809523809520,0.9473684210526320,0.13809832193791200,0.06978348574502430,5
20,192,192,50,100,1,1,0.7962869662167180,0.8304093567251460,0.058252427184466000,0.9417989417989420,0.1399136389981480,0.052229972521665700,5
20,193,193,50,100,1,1,0.78219961125245,0.8023952095808380,0.1651376146788990,0.9361702127659580,0.13100835821637300,0.061580422969090800,5
20,194,194,50,100,1,1,0.7832000461944970,0.8095238095238100,0.058252427184466000,0.9304812834224600,0.13266109440182700,0.043048780487804900,5
20,195,195,50,100,1,1,0.7866796503335060,0.8165680473372780,0.1132075471698110,0.9304812834224600,0.1370513377517750,0.06015621301775160,5
20,196,196,50,100,1,1,0.7894299760002230,0.8095238095238100,0.1132075471698110,0.9417989417989420,0.13705368594775500,0.060862068965517200,5
20,197,197,50,100,1,1,0.7931163979315430,0.8235294117647060,0.1132075471698110,0.9361702127659580,0.13644552196137200,0.05946256684491990,5
20,198,198,50,100,1,1,0.7923565525140040,0.8304093567251460,0.039215686274509800,0.9247311827956990,0.13468386931984500,0.04926236044657090,5
20,199,199,50,100,1,1,0.7941296322230720,0.8304093567251460,0.1132075471698110,0.9247311827956990,0.1364642848319360,0.052229972521665700,5
20,200,200,200,400,1,1,0.7959239337442250,0.8304093567251460,0.058252427184466000,0.9361702127659580,0.15285336676720600,0.052229972521665700,5
20,201,201,200,400,1,1,0.7861960942286880,0.8165680473372780,0.058252427184466000,0.9417989417989420,0.1577784793841710,0.05041828198326870,5
20,202,202,200,400,1,1,0.7878408050712750,0.8165680473372780,0.039215686274509800,0.9417989417989420,0.15599088860323200,0.06015621301775160,5
20,203,203,200,400,1,1,0.7957241801174700,0.8372093023255810,0.058252427184466000,0.9304812834224600,0.16112576959050500,0.05811079174287970,5
20,204,204,200,400,1,1,0.8002727654259720,0.8372093023255810,0.07692307692307690,0.9583333333333330,0.1563311468750110,0.05161537390335600,5
20,205,205,200,400,1,1,0.8050379842741330,0.8439306358381500,0.058252427184466000,0.9528795811518330,0.16100664029581600,0.05745212645719630,5
20,206,206,200,400,1,1,0.7972529900366540,0.8372093023255810,0.07692307692307690,0.9473684210526320,0.15703071769442100,0.04869925108395750,5
20,207,207,200,400,1,1,0.7974979380724780,0.8372093023255810,0.058252427184466000,0.9361702127659580,0.15619258371838000,0.04869925108395750,5
20,208,208,200,400,1,1,0.7903507639876810,0.8235294117647060,0.058252427184466000,0.9304812834224600,0.15552531473107200,0.06163802660753880,5
20,209,209,200,400,1,1,0.7911741016400800,0.8235294117647060,0.07692307692307690,0.9304812834224600,0.1520021787286670,0.05946256684491990,5
20,210,210,200,400,1,1,0.7850769580826800,0.8095238095238100,0.039215686274509800,0.9528795811518330,0.15713737459157900,0.05750158662999790,5
20,211,211,200,400,1,1,0.7945875293305640,0.8235294117647060,0.09523809523809520,0.9473684210526320,0.15573705564567200,0.06381348637015770,5
20,212,212,200,400,1,1,0.8017877684672980,0.8405699690818660,0.07692307692307690,0.9795918367346940,0.16257499139015200,0.06243465099006370,5
20,213,213,200,400,1,1,0.7980180677223230,0.8372093023255810,0.039215686274509800,0.9528795811518330,0.16037831468115900,0.06231157186887070,5
20,214,214,200,400,1,1,0.7850198708736140,0.8165680473372780,0.07692307692307690,0.9304812834224600,0.15493684843962000,0.06458489127672700,5
20,215,215,200,400,1,1,0.7982215122355800,0.8338093295253640,0.09523809523809520,0.9583333333333330,0.15871843612667700,0.0680966210452135,5
20,216,216,200,400,1,1,0.7857015741401860,0.8165680473372780,0.039215686274509800,0.9304812834224600,0.1570236193937040,0.053492567470053300,5
20,217,217,200,400,1,1,0.788578717963442,0.8235294117647060,0.058252427184466000,0.9417989417989420,0.16025144626649600,0.05285561497326200,5
20,218,218,200,400,1,1,0.7939439824305980,0.8235294117647060,0.07692307692307690,0.9528795811518330,0.16337303260763200,0.06898105682951150,5
20,219,219,200,400,1,1,0.8034000019163580,0.8439306358381500,0.058252427184466000,0.9583333333333330,0.1624267202814440,0.051011560693641600,5
20,220,220,200,400,1,1,0.7866066833054860,0.820048729550992,0.058252427184466000,0.9361702127659580,0.15469383209706300,0.054995753567699400,5
20,221,221,200,400,1,1,0.7932283340412780,0.8304093567251460,0.01980198019801980,0.9361702127659580,0.15345940614782900,0.04926236044657090,5
20,222,222,200,400,1,1,0.79951708392621,0.8372093023255810,0.039215686274509800,0.9304812834224600,0.1566844822350790,0.04869925108395750,5
20,223,223,200,400,1,1,0.8011039791550410,0.8372093023255810,0.058252427184466000,0.9417989417989420,0.16203286392530500,0.04869925108395750,5
20,224,224,200,400,1,1,0.7941242388908390,0.8304093567251460,0.07692307692307690,0.9637305699481870,0.1625749174696560,0.06305582137161100,5
20,225,225,200,400,1,1,0.8010618047901760,0.8304093567251460,0.039215686274509800,0.9417989417989420,0.15858467594512800,0.052229972521665700,5
20,226,226,200,400,1,1,0.7868797959241860,0.8235294117647060,0.039215686274509800,0.9130434782608700,0.15401733692645400,0.04983529411764720,5
20,227,227,200,400,1,1,0.8000508714749150,0.8372093023255810,0.039215686274509800,0.9528795811518330,0.16255817465930300,0.06231157186887070,5
20,228,228,200,400,1,1,0.7905375557928330,0.8235294117647060,0.07692307692307690,0.9583333333333330,0.161184789182336,0.05946256684491990,5
20,229,229,200,400,1,1,0.8093693121034560,0.8505747126436780,0.0,0.9417989417989420,0.1580630575979120,0.05041828198326870,5
20,230,230,200,400,1,1,0.7891039313410910,0.8095238095238100,0.058252427184466000,0.9473684210526320,0.15866112979383700,0.054141104294478600,5
20,231,231,200,400,1,1,0.7886246422982890,0.8235294117647060,0.039215686274509800,0.9473684210526320,0.15950363091297500,0.06381348637015770,5
20,232,232,200,400,1,1,0.798746912095688,0.8372093023255810,0.058252427184466000,0.9361702127659580,0.15589720592248500,0.05811079174287970,5
20,233,233,200,400,1,1,0.8036313974374060,0.8439306358381500,0.039215686274509800,0.9473684210526320,0.16215907763761200,0.04814574267714490,5
20,234,234,200,400,1,1,0.8018014628440380,0.8372093023255810,0.039215686274509800,0.9690721649484540,0.15889708596587200,0.05161537390335600,5
20,235,235,200,400,1,1,0.8056060226647860,0.8472526742409140,0.01980198019801980,0.9361702127659580,0.16184832291315300,0.0559368148295794,5
20,236,236,200,400,1,1,0.7979301780505160,0.8304093567251460,0.039215686274509800,0.9304812834224600,0.1600745807800430,0.052229972521665700,5
20,237,237,200,400,1,1,0.793471750762803,0.8304093567251460,0.058252427184466000,0.9361702127659580,0.1565295331645570,0.05878085043116250,5
20,238,238,200,400,1,1,0.8007252827246310,0.8439306358381500,0.058252427184466000,0.9361702127659580,0.16068517329196900,0.051011560693641600,5
20,239,239,200,400,1,1,0.7963121158179780,0.8304093567251460,0.058252427184466000,0.9473684210526320,0.1573345478779900,0.052229972521665700,5
20,240,240,200,400,1,1,0.792384161869403,0.8304093567251460,0.09523809523809520,0.9247311827956990,0.15471510116898400,0.052229972521665700,5
20,241,241,200,400,1,1,0.7945172242704290,0.8304093567251460,0.058252427184466000,0.9361702127659580,0.15003411257061200,0.03963508771929820,5
20,242,242,200,400,1,1,0.7915516630281830,0.8304093567251460,0.039215686274509800,0.9417989417989420,0.15974559861254800,0.06305582137161100,5
20,243,243,200,400,1,1,0.8032421383414810,0.8372093023255810,0.01980198019801980,0.9473684210526320,0.15660918991326200,0.05486308282311780,5
20,244,244,200,400,1,1,0.786697750904953,0.8165680473372780,0.07692307692307690,0.9473684210526320,0.157699093260754,0.06015621301775160,5
20,245,245,200,400,1,1,0.8092067474800850,0.8505747126436780,0.058252427184466000,0.9473684210526320,0.1628844253924930,0.05680459770114940,5
20,246,246,200,400,1,1,0.7969725382166710,0.8372093023255810,0.07692307692307690,0.9637305699481870,0.16152718441019500,0.07313742071881600,5
20,247,247,200,400,1,1,0.8048641772944620,0.8439306358381500,0.058252427184466000,0.9528795811518330,0.157223955040323,0.051011560693641600,5
20,248,248,200,400,1,1,0.8070429922372480,0.8505747126436780,0.058252427184466000,0.9417989417989420,0.16086399974523000,0.05041828198326870,5
20,249,249,200,400,1,1,0.7831090245993180,0.8235294117647060,0.07692307692307690,0.9247311827956990,0.15721756794481500,0.04983529411764720,5
20,250,250,800,1600,1,1,0.7897180528406710,0.8304093567251460,0.0,0.9583333333333330,0.17764983203083400,0.05878085043116250,5
20,251,251,800,1600,1,1,0.8018793971535940,0.8439306358381500,0.01980198019801980,0.9417989417989420,0.17740225774934500,0.06665510597302490,5
20,252,252,800,1600,1,1,0.7938637801150390,0.8304093567251460,0.01980198019801980,0.9583333333333330,0.17784719145696100,0.06305582137161100,5
20,253,253,800,1600,1,1,0.7857266891827620,0.8235294117647060,0.01980198019801980,0.9473684210526320,0.17560433203457300,0.04983529411764720,5
20,254,254,800,1600,1,1,0.7953216307565800,0.8338093295253640,0.01980198019801980,0.9304812834224600,0.1771590815380600,0.06315159141648220,5
20,255,255,800,1600,1,1,0.7983249267404910,0.8439306358381500,0.01980198019801980,0.9247311827956990,0.17525116933027500,0.04814574267714490,5
20,256,256,800,1600,1,1,0.795149504918077,0.8372093023255810,0.01980198019801980,0.9473684210526320,0.17737781106489500,0.06231157186887070,5
20,257,257,800,1600,1,1,0.7911059586743710,0.8304093567251460,0.01980198019801980,0.9473684210526320,0.17459392325654500,0.05878085043116250,5
20,258,258,800,1600,1,1,0.7861562566527110,0.8235294117647060,0.01980198019801980,0.9417989417989420,0.17374056115314500,0.05285561497326200,5
20,259,259,800,1600,1,1,0.7984003258571720,0.8372093023255810,0.01980198019801980,0.9583333333333330,0.17769468085283100,0.05161537390335600,5
20,260,260,800,1600,1,1,0.7950194717051910,0.8304093567251460,0.01980198019801980,0.9361702127659580,0.17758103733500100,0.06562410623084780,5
20,261,261,800,1600,1,1,0.794941573818552,0.8372093023255810,0.0,0.9417989417989420,0.17741587114180300,0.06231157186887070,5
20,262,262,800,1600,1,1,0.8006873515476880,0.8372093023255810,0.01980198019801980,0.9583333333333330,0.17652085239993500,0.05811079174287970,5
20,263,263,800,1600,1,1,0.7933877186899620,0.8304093567251460,0.01980198019801980,0.9417989417989420,0.17605295695964500,0.052229972521665700,5
20,264,264,800,1600,1,1,0.7798474945317280,0.8165680473372780,0.01980198019801980,0.9473684210526320,0.17217560061973300,0.05195542472666100,5
20,265,265,800,1600,1,1,0.7883187934685680,0.8235294117647060,0.0,0.9473684210526320,0.17369252997984800,0.06163802660753880,5
20,266,266,800,1600,1,1,0.7920410084674830,0.8304093567251460,0.01980198019801980,0.9417989417989420,0.17230365635364700,0.052229972521665700,5
20,267,267,800,1600,1,1,0.7989729492379680,0.8372093023255810,0.01980198019801980,0.9473684210526320,0.17784147352529800,0.06231157186887070,5
20,268,268,800,1600,1,1,0.7915329397654590,0.8304093567251460,0.01980198019801980,0.9361702127659580,0.1769912656439880,0.05878085043116250,5
20,269,269,800,1600,1,1,0.788828626653492,0.8304093567251460,0.01980198019801980,0.9361702127659580,0.17366782741023800,0.06305582137161100,5
20,270,270,800,1600,1,1,0.7885525446176070,0.8235294117647060,0.01980198019801980,0.9743589743589740,0.17293262909431000,0.05285561497326200,5
20,271,271,800,1600,1,1,0.7980515667813340,0.8439306358381500,0.01980198019801980,0.9637305699481870,0.18012120986186100,0.05423184357541900,5
20,272,272,800,1600,1,1,0.7938161435249700,0.8372093023255810,0.0,0.9189189189189190,0.17289218722409500,0.04869925108395750,5
20,273,273,800,1600,1,1,0.790065856794725,0.8372093023255810,0.01980198019801980,0.9304812834224600,0.17478135583859200,0.05161537390335600,5
20,274,274,800,1600,1,1,0.804095305602986,0.8439306358381500,0.01980198019801980,0.9528795811518330,0.17878336802072700,0.05745212645719630,5
20,275,275,800,1600,1,1,0.7979168278117600,0.8439306358381500,0.01980198019801980,0.9304812834224600,0.1748944864081090,0.0405677737113932,5
20,276,276,800,1600,1,1,0.7877520040475190,0.8235294117647060,0.01980198019801980,0.9417989417989420,0.1739358622935030,0.06898105682951150,5
20,277,277,800,1600,1,1,0.7965975982109660,0.8304093567251460,0.01980198019801980,0.9417989417989420,0.17620073831851900,0.0711030419292957,5
20,278,278,800,1600,1,1,0.7935654045422330,0.826969384244926,0.01980198019801980,0.9528795811518330,0.17694321595400900,0.0689135895693322,5
20,279,279,800,1600,1,1,0.8002209102684190,0.8372093023255810,0.01980198019801980,0.9637305699481870,0.1807357527155720,0.06741717552293100,5
20,280,280,800,1600,1,1,0.7896163389038490,0.8304093567251460,0.01980198019801980,0.9304812834224600,0.17576052175898500,0.052229972521665700,5
20,281,281,800,1600,1,1,0.7858176745439140,0.8304093567251460,0.01980198019801980,0.9247311827956990,0.17397083684504300,0.052229972521665700,5
20,282,282,800,1600,1,1,0.801853685020738,0.8505747126436780,0.0,0.9361702127659580,0.17847638862308200,0.058833333333333300,5
20,283,283,800,1600,1,1,0.7907057991811180,0.8235294117647060,0.01980198019801980,0.9361702127659580,0.17289291284669000,0.05285561497326200,5
20,284,284,800,1600,1,1,0.7979055507922400,0.8372093023255810,0.0,0.9304812834224600,0.17696763998258800,0.05161537390335600,5
20,285,285,800,1600,1,1,0.7914659300468710,0.826969384244926,0.01980198019801980,0.9473684210526320,0.17883256885616400,0.0689135895693322,5
20,286,286,800,1600,1,1,0.7862224732457570,0.8235294117647060,0.01980198019801980,0.9417989417989420,0.17539331304966800,0.05946256684491990,5
20,287,287,800,1600,1,1,0.7969874759703070,0.8372093023255810,0.01980198019801980,0.9304812834224600,0.1763044715143670,0.05161537390335600,5
20,288,288,800,1600,1,1,0.8018582610178730,0.8439306358381500,0.039215686274509800,0.9417989417989420,0.17820338114962100,0.061580422969090800,5
20,289,289,800,1600,1,1,0.7896185566065600,0.8304093567251460,0.01980198019801980,0.9473684210526320,0.1723990481995860,0.04926236044657090,5
20,290,290,800,1600,1,1,0.7902365732902290,0.8304093567251460,0.01980198019801980,0.9361702127659580,0.17600877665637,0.052229972521665700,5
20,291,291,800,1600,1,1,0.7960719651730610,0.8372093023255810,0.01980198019801980,0.9417989417989420,0.17531814044125400,0.04869925108395750,5
20,292,292,800,1600,1,1,0.7948223448839140,0.8372093023255810,0.01980198019801980,0.9361702127659580,0.17621362887814000,0.05161537390335600,5
20,293,293,800,1600,1,1,0.7958708009458820,0.8304093567251460,0.039215686274509800,0.9583333333333330,0.17623598922198500,0.06305582137161100,5
20,294,294,800,1600,1,1,0.7994990805711240,0.8372093023255810,0.0,0.9583333333333330,0.1801365595459710,0.05811079174287970,5
20,295,295,800,1600,1,1,0.7887375558844260,0.8235294117647060,0.01980198019801980,0.9304812834224600,0.17688011179627100,0.05285561497326200,5
20,296,296,800,1600,1,1,0.7962096452727470,0.8304093567251460,0.01980198019801980,0.9417989417989420,0.17675520126849300,0.06305582137161100,5
20,297,297,800,1600,1,1,0.7945723761988150,0.8372093023255810,0.01980198019801980,0.9304812834224600,0.1748907591779890,0.05811079174287970,5
20,298,298,800,1600,1,1,0.8011365052168430,0.8372093023255810,0.0,0.9473684210526320,0.17435279786646200,0.04869925108395750,5
20,299,299,800,1600,1,1,0.7937945268665740,0.8372093023255810,0.0,0.9743589743589740,0.18095021419825200,0.07662015503875970,5
40,300,300,50,100,1,1,0.8747030006412950,0.8950276243093920,0.1132075471698110,0.98989898989899,0.10097041009297700,0.04403849581179810,5
40,301,301,50,100,1,1,0.871256362604052,0.8888888888888890,0.14814814814814800,0.9743589743589740,0.09899441055272420,0.0470666666666665,5
40,302,302,50,100,1,1,0.8750553530482290,0.8950276243093920,0.13084112149532700,0.9795918367346940,0.09939061847149180,0.04403849581179810,5
40,303,303,50,100,1,1,0.8722636432508490,0.8950276243093920,0.13084112149532700,0.9795918367346940,0.10111062787523900,0.04403849581179810,5
40,304,304,50,100,1,1,0.8798025157531930,0.9010989010989010,0.1651376146788990,0.9847715736040610,0.09870236073812610,0.04356232003290820,5
40,305,305,50,100,1,1,0.8788378401043900,0.8950276243093920,0.07692307692307690,0.98989898989899,0.09920771605433910,0.04403849581179810,5
40,306,306,50,100,1,1,0.8678933264427910,0.8888888888888890,0.18181818181818200,0.98989898989899,0.09956715901712710,0.044522522522522500,5
40,307,307,50,100,1,1,0.8697619646568270,0.8888888888888890,0.18181818181818200,0.9690721649484540,0.09673570594723660,0.03743939393939390,5
40,308,308,50,100,1,1,0.8764758951867210,0.8950276243093920,0.1651376146788990,0.9795918367346940,0.09715115826817380,0.037022193089240700,5
40,309,309,50,100,1,1,0.8710458115305710,0.8950276243093920,0.1132075471698110,0.9690721649484540,0.09763007152068500,0.037022193089240700,5
40,310,310,50,100,1,1,0.8767887040290300,0.8950276243093920,0.07692307692307690,0.9949748743718590,0.10020517880003700,0.046540683073832300,5
40,311,311,50,100,1,1,0.8699104729724470,0.8888888888888890,0.09523809523809520,0.9743589743589740,0.09707548450913080,0.044522522522522500,5
40,312,312,50,100,1,1,0.8751123627924270,0.8950276243093920,0.09523809523809520,0.9847715736040610,0.10151758321841100,0.04403849581179810,5
40,313,313,50,100,1,1,0.8685566318520710,0.8888888888888890,0.1651376146788990,0.9795918367346940,0.09642725127070620,0.03581159420289870,5
40,314,314,50,100,1,1,0.8675549815660080,0.88268156424581,0.1132075471698110,0.98989898989899,0.09476320323602250,0.03786368715083780,5
40,315,315,50,100,1,1,0.8728007565110370,0.8888888888888890,0.09523809523809520,0.9637305699481870,0.09500286685085000,0.03581159420289870,5
40,316,316,50,100,1,1,0.8740172284237230,0.8888888888888890,0.14814814814814800,0.9949748743718590,0.10071329238128100,0.053139784946236600,5
40,317,317,50,100,1,1,0.8680606420753930,0.8888888888888890,0.13084112149532700,0.9743589743589740,0.09817138089624990,0.03743939393939390,5
40,318,318,50,100,1,1,0.8734137550708580,0.8888888888888890,0.09523809523809520,0.9743589743589740,0.09666460555063770,0.0470666666666665,5
40,319,319,50,100,1,1,0.8685993060297700,0.8888888888888890,0.18181818181818200,0.9743589743589740,0.09882347699704790,0.044522522522522500,5
40,320,320,50,100,1,1,0.870375981701555,0.8888888888888890,0.13084112149532700,0.9690721649484540,0.09850725604652520,0.044522522522522500,5
40,321,321,50,100,1,1,0.8758892480315240,0.8950276243093920,0.14814814814814800,0.98989898989899,0.10029714756691200,0.04403849581179810,5
40,322,322,50,100,1,1,0.8768566490985240,0.8950276243093920,0.1132075471698110,0.9847715736040610,0.09983278132976800,0.04403849581179810,5
40,323,323,50,100,1,1,0.8731886894377530,0.8888888888888890,0.13084112149532700,0.9795918367346940,0.09817197559755110,0.03743939393939390,5
40,324,324,50,100,1,1,0.8768942567859050,0.8950276243093920,0.13084112149532700,0.9847715736040610,0.09989459043981070,0.04403849581179810,5
40,325,325,50,100,1,1,0.8738182040811900,0.8950276243093920,0.09523809523809520,0.9847715736040610,0.09904023186402270,0.04403849581179810,5
40,326,326,50,100,1,1,0.8784058124437470,0.9010989010989010,0.07692307692307690,0.9949748743718590,0.10049850545604500,0.04356232003290820,5
40,327,327,50,100,1,1,0.8697683491420370,0.8888888888888890,0.1132075471698110,0.9795918367346940,0.09679685127588590,0.03743939393939390,5
40,328,328,50,100,1,1,0.8760860836966250,0.8950276243093920,0.14814814814814800,0.9949748743718590,0.10319286396451100,0.04403849581179810,5
40,329,329,50,100,1,1,0.8708191620355840,0.8888888888888890,0.14814814814814800,0.9743589743589740,0.0995500782279638,0.03743939393939390,5
40,330,330,50,100,1,1,0.8736533856807420,0.8950276243093920,0.14814814814814800,0.98989898989899,0.0987445629395734,0.037022193089240700,5
40,331,331,50,100,1,1,0.8716240924433440,0.8888888888888890,0.1132075471698110,0.9690721649484540,0.10071979135933700,0.03743939393939390,5
40,332,332,50,100,1,1,0.8677595412372560,0.8888888888888890,0.18181818181818200,0.9690721649484540,0.09633074945253560,0.03581159420289870,5
40,333,333,50,100,1,1,0.8814753887382690,0.9010989010989010,0.09523809523809520,0.9847715736040610,0.10254107640602200,0.04602346805736640,5
40,334,334,50,100,1,1,0.8695415051671920,0.8888888888888890,0.1651376146788990,0.9743589743589740,0.09945270408261650,0.044522522522522500,5
40,335,335,50,100,1,1,0.869199831817003,0.8888888888888890,0.13084112149532700,0.9847715736040610,0.09694609671654930,0.03743939393939390,5
40,336,336,50,100,1,1,0.8706533518701860,0.8888888888888890,0.1651376146788990,0.9847715736040610,0.10007231919520300,0.044522522522522500,5
40,337,337,50,100,1,1,0.8748617259683710,0.8950276243093920,0.14814814814814800,0.9795918367346940,0.10193805026678200,0.037022193089240700,5
40,338,338,50,100,1,1,0.8756229031915020,0.8950276243093920,0.1132075471698110,0.9743589743589740,0.09620375210953430,0.037022193089240700,5
40,339,339,50,100,1,1,0.880418346144527,0.9010989010989010,0.07692307692307690,0.9795918367346940,0.099889464516155,0.04356232003290820,5
40,340,340,50,100,1,1,0.8735183054299260,0.8888888888888890,0.18181818181818200,0.98989898989899,0.0986982077914835,0.044522522522522500,5
40,341,341,50,100,1,1,0.8706135320708800,0.8888888888888890,0.14814814814814800,0.9847715736040610,0.09994555635697080,0.044522522522522500,5
40,342,342,50,100,1,1,0.8785525350420840,0.8950276243093920,0.1132075471698110,0.98989898989899,0.09966824788617270,0.037022193089240700,5
40,343,343,50,100,1,1,0.8760161281372160,0.8950276243093920,0.14814814814814800,0.9847715736040610,0.1013152720743260,0.037022193089240700,5
40,344,344,50,100,1,1,0.8714930336020800,0.8888888888888890,0.18181818181818200,0.9795918367346940,0.09781152601433050,0.044522522522522500,5
40,345,345,50,100,1,1,0.8735182527513040,0.8888888888888890,0.09523809523809520,0.9743589743589740,0.09820576521253700,0.044522522522522500,5
40,346,346,50,100,1,1,0.8752253658789190,0.8950276243093920,0.07692307692307690,0.98989898989899,0.09964188316372350,0.046540683073832300,5
40,347,347,50,100,1,1,0.8685037046610220,0.8888888888888890,0.18181818181818200,0.9847715736040610,0.09942689714931420,0.044522522522522500,5
40,348,348,50,100,1,1,0.8708940175759630,0.8888888888888890,0.14814814814814800,0.9690721649484540,0.09787767943181980,0.044522522522522500,5
40,349,349,50,100,1,1,0.874596683547249,0.8950276243093920,0.13084112149532700,0.9690721649484540,0.0975115097242432,0.04403849581179810,5
40,350,350,200,400,1,1,0.8768352059840730,0.9010989010989010,0.09523809523809520,0.9847715736040610,0.11609736752986100,0.04356232003290820,5
40,351,351,200,400,1,1,0.8827759366616310,0.907103825136612,0.09523809523809520,0.9847715736040610,0.11771116133471800,0.04551482777675440,5
40,352,352,200,400,1,1,0.8820345738210410,0.907103825136612,0.07692307692307690,0.9949748743718590,0.11616295545470900,0.034659419654598000,5
40,353,353,200,400,1,1,0.8775491106157870,0.9010989010989010,0.1132075471698110,0.9847715736040610,0.11474342520360800,0.03661192739844420,5
40,354,354,200,400,1,1,0.8744486149241100,0.8950276243093920,0.058252427184466000,0.9690721649484540,0.11188474800916400,0.027610652430318500,5
40,355,355,200,400,1,1,0.8783629055015110,0.9010989010989010,0.09523809523809520,0.9847715736040610,0.1142561641965610,0.04356232003290820,5
40,356,356,200,400,1,1,0.8760343834481520,0.8950276243093920,0.07692307692307690,0.98989898989899,0.11454144133114900,0.037022193089240700,5
40,357,357,200,400,1,1,0.8879226023894040,0.907103825136612,0.07692307692307690,0.98989898989899,0.11543576826668200,0.03083244206773620,5
40,358,358,200,400,1,1,0.8810045497843460,0.9010989010989010,0.07692307692307690,0.9795918367346940,0.1152245402339810,0.03661192739844420,5
40,359,359,200,400,1,1,0.8834855964160020,0.907103825136612,0.07692307692307690,0.98989898989899,0.11702869172236700,0.04309382629926750,5
40,360,360,200,400,1,1,0.8788525766002160,0.9010989010989010,0.07692307692307690,0.9847715736040610,0.11731482338813200,0.04356232003290820,5
40,361,361,200,400,1,1,0.8806359868494470,0.9010989010989010,0.09523809523809520,0.9795918367346940,0.11544644962094400,0.040087123715676200,5
40,362,362,200,400,1,1,0.8865400426741850,0.907103825136612,0.07692307692307690,0.9795918367346940,0.11561495733060700,0.03620844399670310,5
40,363,363,200,400,1,1,0.8781860145398300,0.9010989010989010,0.07692307692307690,0.98989898989899,0.11620473352809400,0.04356232003290820,5
40,364,364,200,400,1,1,0.8853327357132480,0.907103825136612,0.058252427184466000,0.9847715736040610,0.11694877641583100,0.03620844399670310,5
40,365,365,200,400,1,1,0.8794515870138900,0.9010989010989010,0.09523809523809520,0.9795918367346940,0.11578540298983500,0.04356232003290820,5
40,366,366,200,400,1,1,0.8809853985629430,0.9010989010989010,0.07692307692307690,0.9795918367346940,0.11354454801903200,0.03661192739844420,5
40,367,367,200,400,1,1,0.8796758253109350,0.9010989010989010,0.09523809523809520,0.9847715736040610,0.11575491125454700,0.04356232003290820,5
40,368,368,200,400,1,1,0.8754327077445790,0.8950276243093920,0.09523809523809520,0.9795918367346940,0.11176337923612300,0.037022193089240700,5
40,369,369,200,400,1,1,0.8817508445352110,0.907103825136612,0.07692307692307690,0.98989898989899,0.11869312533342600,0.04309382629926750,5
40,370,370,200,400,1,1,0.8835801801603470,0.907103825136612,0.07692307692307690,0.98989898989899,0.11826419622511600,0.04309382629926750,5
40,371,371,200,400,1,1,0.8769919131884800,0.9010989010989010,0.07692307692307690,0.9743589743589740,0.11337476461017400,0.03503722084367240,5
40,372,372,200,400,1,1,0.8865118585436180,0.907103825136612,0.039215686274509800,0.98989898989899,0.11426767931602700,0.04309382629926750,5
40,373,373,200,400,1,1,0.8790992584970780,0.9010989010989010,0.09523809523809520,0.9949748743718590,0.11864451962440100,0.04356232003290820,5
40,374,374,200,400,1,1,0.8811317931091890,0.9010989010989010,0.09523809523809520,0.98989898989899,0.1163655799503370,0.04356232003290820,5
40,375,375,200,400,1,1,0.8766356185639180,0.8950276243093920,0.07692307692307690,0.9795918367346940,0.11605934147755100,0.04403849581179810,5
40,376,376,200,400,1,1,0.8826355611756240,0.907103825136612,0.07692307692307690,0.9847715736040610,0.1161453599632930,0.04309382629926750,5
40,377,377,200,400,1,1,0.8779668534266150,0.9010989010989010,0.09523809523809520,0.9743589743589740,0.11520172213044700,0.03503722084367240,5
40,378,378,200,400,1,1,0.8790865068026950,0.9010989010989010,0.09523809523809520,0.9847715736040610,0.11511343412287700,0.04356232003290820,5
40,379,379,200,400,1,1,0.8859313463659500,0.907103825136612,0.058252427184466000,0.98989898989899,0.11659396809541900,0.03620844399670310,5
40,380,380,200,400,1,1,0.8846738368202010,0.907103825136612,0.058252427184466000,0.98989898989899,0.11483577722082400,0.03620844399670310,5
40,381,381,200,400,1,1,0.882299726496253,0.9010989010989010,0.07692307692307690,0.9795918367346940,0.11446752335258500,0.04356232003290820,5
40,382,382,200,400,1,1,0.8794634905319460,0.9010989010989010,0.09523809523809520,0.9743589743589740,0.1155590115616840,0.04356232003290820,5
40,383,383,200,400,1,1,0.8841353032583150,0.9010989010989010,0.058252427184466000,0.9949748743718590,0.11580940028834000,0.03661192739844420,5
40,384,384,200,400,1,1,0.8811947069028970,0.907103825136612,0.13084112149532700,0.9847715736040610,0.11520605440542700,0.03620844399670310,5
40,385,385,200,400,1,1,0.8885112935601670,0.9130434782608700,0.039215686274509800,0.9949748743718590,0.11766684998531100,0.042632850241545900,5
40,386,386,200,400,1,1,0.8798105330320780,0.9010989010989010,0.07692307692307690,0.9847715736040610,0.11550811545858000,0.04602346805736640,5
40,387,387,200,400,1,1,0.8742991638982940,0.8950276243093920,0.07692307692307690,1.0,0.1145326667558450,0.04403849581179810,5
40,388,388,200,400,1,1,0.879014819662651,0.9010989010989010,0.09523809523809520,0.9847715736040610,0.11628117323985200,0.04602346805736640,5
40,389,389,200,400,1,1,0.8746732837728540,0.8950276243093920,0.1132075471698110,0.9949748743718590,0.11498290485345500,0.037022193089240700,5
40,390,390,200,400,1,1,0.8734522077883420,0.8950276243093920,0.07692307692307690,0.9847715736040610,0.11658573313259800,0.04403849581179810,5
40,391,391,200,400,1,1,0.8751666964472270,0.9010989010989010,0.07692307692307690,0.9795918367346940,0.11752251640392900,0.03661192739844420,5
40,392,392,200,400,1,1,0.8780523620461080,0.9010989010989010,0.07692307692307690,0.9795918367346940,0.11742361838242400,0.04356232003290820,5
40,393,393,200,400,1,1,0.8858543255134870,0.907103825136612,0.07692307692307690,0.9847715736040610,0.11491436468886500,0.03620844399670310,5
40,394,394,200,400,1,1,0.8779270743134160,0.8950276243093920,0.07692307692307690,0.9743589743589740,0.11554001977924500,0.04403849581179810,5
40,395,395,200,400,1,1,0.8812588526257970,0.9010989010989010,0.07692307692307690,0.9847715736040610,0.11307115552048900,0.03503722084367240,5
40,396,396,200,400,1,1,0.8815339342830510,0.9010989010989010,0.09523809523809520,0.9847715736040610,0.11514085335259900,0.03661192739844420,5
40,397,397,200,400,1,1,0.8789985234772380,0.9010989010989010,0.07692307692307690,0.9847715736040610,0.11909370542385200,0.04602346805736640,5
40,398,398,200,400,1,1,0.8797900750418890,0.9010989010989010,0.1132075471698110,0.9847715736040610,0.11650912143935200,0.04356232003290820,5
40,399,399,200,400,1,1,0.8830721342872320,0.907103825136612,0.1132075471698110,0.9847715736040610,0.1171855508931010,0.03620844399670310,5
40,400,400,800,1600,1,1,0.8733819064069810,0.9010989010989010,0.0,0.98989898989899,0.13664941481480100,0.04356232003290820,5
40,401,401,800,1600,1,1,0.8808965434015500,0.907103825136612,0.0,0.98989898989899,0.13681600176720000,0.04309382629926750,5
40,402,402,800,1600,1,1,0.8765194294407290,0.9010989010989010,0.01980198019801980,0.9795918367346940,0.1344096329137030,0.04356232003290820,5
40,403,403,800,1600,1,1,0.8764574029490450,0.9010989010989010,0.01980198019801980,0.9949748743718590,0.13814578882846800,0.04356232003290820,5
40,404,404,800,1600,1,1,0.8766177314539430,0.9010989010989010,0.01980198019801980,0.98989898989899,0.13645882118776500,0.04356232003290820,5
40,405,405,800,1600,1,1,0.8767946075548690,0.9010989010989010,0.0,0.9847715736040610,0.1356029143642870,0.04356232003290820,5
40,406,406,800,1600,1,1,0.8862427710400690,0.907103825136612,0.01980198019801980,0.9795918367346940,0.13646562481974800,0.03620844399670310,5
40,407,407,800,1600,1,1,0.8797886167514840,0.907103825136612,0.01980198019801980,0.9949748743718590,0.13858302729231300,0.04309382629926750,5
40,408,408,800,1600,1,1,0.8737773082862280,0.8950276243093920,0.01980198019801980,0.9847715736040610,0.13505749626384600,0.04403849581179810,5
40,409,409,800,1600,1,1,0.8842652744631170,0.907103825136612,0.01980198019801980,0.9847715736040610,0.13852140826513800,0.04309382629926750,5
40,410,410,800,1600,1,1,0.8781464130677860,0.9010989010989010,0.01980198019801980,0.9795918367346940,0.1341094213503410,0.03661192739844420,5
40,411,411,800,1600,1,1,0.8806771118227720,0.907103825136612,0.01980198019801980,0.98989898989899,0.13553359011386100,0.03620844399670310,5
40,412,412,800,1600,1,1,0.8764551566367610,0.9010989010989010,0.01980198019801980,0.9847715736040610,0.13704323283271700,0.04356232003290820,5
40,413,413,800,1600,1,1,0.8772635297935780,0.9010989010989010,0.01980198019801980,0.9795918367346940,0.1366570023018040,0.04602346805736640,5
40,414,414,800,1600,1,1,0.8772970675919940,0.9010989010989010,0.0,0.9795918367346940,0.13569131090582900,0.03503722084367240,5
40,415,415,800,1600,1,1,0.8778629064763810,0.9010989010989010,0.0,0.9847715736040610,0.1370978879161300,0.04356232003290820,5
40,416,416,800,1600,1,1,0.8875431301161120,0.9130434782608700,0.0,0.9847715736040610,0.13804877789006600,0.03581159420289870,5
40,417,417,800,1600,1,1,0.8756789506042980,0.9010989010989010,0.01980198019801980,0.98989898989899,0.13560137977129400,0.03503722084367240,5
40,418,418,800,1600,1,1,0.8792923922149270,0.907103825136612,0.01980198019801980,0.98989898989899,0.13677005933022000,0.03620844399670310,5
40,419,419,800,1600,1,1,0.8772670120223110,0.9010989010989010,0.01980198019801980,0.9795918367346940,0.13586012413540000,0.03661192739844420,5
40,420,420,800,1600,1,1,0.88378488828845,0.9130434782608700,0.0,0.9743589743589740,0.13685204956540100,0.03428769657724320,5
40,421,421,800,1600,1,1,0.882734364999801,0.907103825136612,0.0,0.98989898989899,0.13861837832580600,0.03620844399670310,5
40,422,422,800,1600,1,1,0.8817263448529280,0.907103825136612,0.0,0.9847715736040610,0.13826410563142900,0.034659419654598000,5
40,423,423,800,1600,1,1,0.8840668079502030,0.9130434782608700,0.0,0.9743589743589740,0.13786782326620100,0.03581159420289870,5
40,424,424,800,1600,1,1,0.8779039420890250,0.9010989010989010,0.01980198019801980,0.9847715736040610,0.1364100466438750,0.04356232003290820,5
40,425,425,800,1600,1,1,0.8779469610326500,0.9010989010989010,0.01980198019801980,0.9847715736040610,0.13526056389807300,0.04356232003290820,5
40,426,426,800,1600,1,1,0.8744502367767920,0.9010989010989010,0.0,0.98989898989899,0.13472951930257800,0.03661192739844420,5
40,427,427,800,1600,1,1,0.8843511501737170,0.9130434782608700,0.0,0.9795918367346940,0.13657770784727600,0.03428769657724320,5
40,428,428,800,1600,1,1,0.882309216893737,0.907103825136612,0.01980198019801980,0.9795918367346940,0.13677531529998200,0.034659419654598000,5
40,429,429,800,1600,1,1,0.8818377752591190,0.907103825136612,0.01980198019801980,0.9795918367346940,0.1342060474863710,0.034659419654598000,5
40,430,430,800,1600,1,1,0.878485010349236,0.907103825136612,0.0,0.9795918367346940,0.13791409709078000,0.03620844399670310,5
40,431,431,800,1600,1,1,0.8790421566520240,0.907103825136612,0.0,0.9847715736040610,0.13982250950574700,0.04309382629926750,5
40,432,432,800,1600,1,1,0.8787303767697850,0.907103825136612,0.0,0.9743589743589740,0.1364010198379800,0.034659419654598000,5
40,433,433,800,1600,1,1,0.878742026053128,0.907103825136612,0.01980198019801980,0.9743589743589740,0.1368330974383400,0.03620844399670310,5
40,434,434,800,1600,1,1,0.8782240195751140,0.9010989010989010,0.01980198019801980,0.9847715736040610,0.1365230085996840,0.03661192739844420,5
40,435,435,800,1600,1,1,0.8798914491889350,0.907103825136612,0.0,0.9847715736040610,0.13874877754240400,0.04309382629926750,5
40,436,436,800,1600,1,1,0.8811878684790090,0.907103825136612,0.0,0.9795918367346940,0.13798463599719500,0.04309382629926750,5
40,437,437,800,1600,1,1,0.8754181793648940,0.9010989010989010,0.0,0.9795918367346940,0.13660744060673400,0.04356232003290820,5
40,438,438,800,1600,1,1,0.8778840626228110,0.9010989010989010,0.01980198019801980,0.9847715736040610,0.134019804034496,0.04356232003290820,5
40,439,439,800,1600,1,1,0.872070897910815,0.8950276243093920,0.0,0.9847715736040610,0.1372686940692250,0.04403849581179810,5
40,440,440,800,1600,1,1,0.877885609122074,0.9010989010989010,0.01980198019801980,0.9743589743589740,0.135467764623756,0.03661192739844420,5
40,441,441,800,1600,1,1,0.877613742643787,0.9010989010989010,0.01980198019801980,0.98989898989899,0.13826737483484800,0.03661192739844420,5
40,442,442,800,1600,1,1,0.8754042352826020,0.9010989010989010,0.0,0.9743589743589740,0.13564116057650900,0.03661192739844420,5
40,443,443,800,1600,1,1,0.8785567748302750,0.907103825136612,0.01980198019801980,0.9847715736040610,0.136255340735947,0.03620844399670310,5
40,444,444,800,1600,1,1,0.8779448277270640,0.9010989010989010,0.01980198019801980,0.98989898989899,0.13587905663821300,0.03661192739844420,5
40,445,445,800,1600,1,1,0.8898471192885360,0.9189189189189190,0.01980198019801980,0.9949748743718590,0.13936314331001100,0.035421233388084100,5
40,446,446,800,1600,1,1,0.871652172602683,0.8950276243093920,0.01980198019801980,0.9949748743718590,0.13510274847665800,0.04403849581179810,5
40,447,447,800,1600,1,1,0.8791847160398520,0.907103825136612,0.0,0.9795918367346940,0.13646477080533500,0.03620844399670310,5
40,448,448,800,1600,1,1,0.8782181074254490,0.9010989010989010,0.01980198019801980,0.9743589743589740,0.13489352103009300,0.03661192739844420,5
40,449,449,800,1600,1,1,0.8827837811801240,0.9130434782608700,0.0,0.9847715736040610,0.13906598254668800,0.042632850241545900,5