n_topic,seed_a,seed_b,iter_a,iter_b,passes_a,passes_b,mean,median,min,max,std,mad,corpus
10,0,0,50,50,1,2,0.7414712552847428,0.8095238095238095,0.1132075471698113,0.9010989010989011,0.17104738380328663,0.0525763324940601,05
10,1,1,50,50,1,2,0.7328208385685592,0.7878787878787878,0.1651376146788991,0.9010989010989011,0.17603284373332634,0.07961795166858449,05
10,2,2,50,50,1,2,0.7093416772332588,0.75,0.18181818181818177,0.9010989010989011,0.15808384406688528,0.06959474260679079,05
10,3,3,50,50,1,2,0.7232495745441638,0.7804878048780488,0.1132075471698113,0.9130434782608696,0.17855293826220636,0.0823544660050362,05
10,4,4,50,50,1,2,0.7425465957282931,0.8023952095808383,0.14814814814814814,0.9010989010989011,0.177191572314702,0.0688005997001499,05
10,5,5,50,50,1,2,0.7214045641493858,0.7577639751552795,0.1132075471698113,0.9304812834224598,0.1761503382205481,0.0963000852514919,05
10,6,6,50,50,1,2,0.7267478810831405,0.7692191168673786,0.19819819819819817,0.9130434782608696,0.16699725707401242,0.09570972886762363,05
10,7,7,50,50,1,2,0.742267360857811,0.7878787878787878,0.09523809523809523,0.9010989010989011,0.17168417083549337,0.06781475128644926,05
10,8,8,50,50,1,2,0.7199698790496872,0.7804878048780488,0.14814814814814814,0.8950276243093923,0.17352046499418078,0.07401369276850668,05
10,9,9,50,50,1,2,0.7292603706217308,0.776746969923687,0.19819819819819817,0.9130434782608696,0.16186031132658582,0.06623678332092325,05
10,10,10,50,50,1,2,0.7200151290477159,0.7538819875776397,0.09523809523809523,0.907103825136612,0.1683485406801545,0.07192570294194228,05
10,11,11,50,50,1,2,0.7144590784687628,0.7654320987654322,0.1651376146788991,0.8950276243093923,0.1612216030330288,0.07581415735261872,05
10,12,12,50,50,1,2,0.7333171863101512,0.7804878048780488,0.18181818181818177,0.907103825136612,0.16875761448526302,0.07401369276850668,05
10,13,13,50,50,1,2,0.729941932402149,0.7692191168673786,0.14814814814814814,0.9130434782608696,0.17373946822084965,0.08827652073209166,05
10,14,14,50,50,1,2,0.7225796950685209,0.7654320987654322,0.1132075471698113,0.9130434782608696,0.16710939161121718,0.0703988603988605,05
10,15,15,50,50,1,2,0.732196360091377,0.7951807228915663,0.1651376146788991,0.9010989010989011,0.17288431372588467,0.07864060013639455,05
10,16,16,50,50,1,2,0.7372693319328643,0.791529755385177,0.13084112149532712,0.907103825136612,0.17587428134218147,0.09698443571622893,05
10,17,17,50,50,1,2,0.728471311813824,0.7730061349693251,0.13084112149532712,0.8888888888888888,0.16699280744757788,0.06952131608768695,05
10,18,18,50,50,1,2,0.7315865030591132,0.7730061349693251,0.18181818181818177,0.9189189189189189,0.16976209741472728,0.08336707152496631,05
10,19,19,50,50,1,2,0.7296850306220687,0.7654320987654322,0.18181818181818177,0.9473684210526316,0.17495319255777317,0.0826618876941458,05
10,20,20,50,50,1,2,0.7362830553683515,0.7730061349693251,0.14814814814814814,0.9417989417989419,0.17106592837362794,0.057567756465015066,05
10,21,21,50,50,1,2,0.7278269626912468,0.7692191168673786,0.2142857142857143,0.9247311827956989,0.16717259969357567,0.08949858517260896,05
10,22,22,50,50,1,2,0.7184833791209353,0.7577639751552795,0.18181818181818177,0.907103825136612,0.17159881846148337,0.08718291741703108,05
10,23,23,50,50,1,2,0.7433717628668991,0.7951807228915663,0.1651376146788991,0.9361702127659575,0.17693830887661693,0.09115443037974685,05
10,24,24,50,50,1,2,0.7319743935135663,0.7730061349693251,0.1651376146788991,0.9189189189189189,0.1649601134272696,0.07826696832579182,05
10,25,25,50,50,1,2,0.7259462560842701,0.7654320987654322,0.1651376146788991,0.907103825136612,0.1690010084041719,0.06537037037037029,05
10,26,26,50,50,1,2,0.7302090836170302,0.7730061349693251,0.19819819819819817,0.9010989010989011,0.15734749252775204,0.054141104294478576,05
10,27,27,50,50,1,2,0.7050447596422622,0.75,0.19819819819819817,0.88268156424581,0.15975379505050952,0.08478921568627454,05
10,28,28,50,50,1,2,0.7182439352986385,0.7615980369603559,0.2142857142857143,0.88268156424581,0.15599182043085918,0.06788461538461539,05
10,29,29,50,50,1,2,0.7245873772625209,0.7654320987654322,0.13084112149532712,0.907103825136612,0.16237246617811021,0.06434545520532786,05
10,30,30,50,50,1,2,0.717068889462285,0.75,0.18181818181818177,0.9010989010989011,0.1622401421921959,0.07220454545454544,05
10,31,31,50,50,1,2,0.7285736862293897,0.7804878048780488,0.19819819819819817,0.907103825136612,0.172941265557004,0.07133688652009773,05
10,32,32,50,50,1,2,0.7440225981255683,0.7951807228915663,0.14814814814814814,0.9528795811518325,0.17206236321835672,0.06698493975903615,05
10,33,33,50,50,1,2,0.7057015855295545,0.75,0.13084112149532712,0.907103825136612,0.16770263003198466,0.06698493975903615,05
10,34,34,50,50,1,2,0.7172108726244086,0.7615980369603559,0.19819819819819817,0.8888888888888888,0.16340747516093057,0.09181945628492924,05
10,35,35,50,50,1,2,0.7329001624537804,0.7730061349693251,0.19819819819819817,0.9361702127659575,0.16211267219898118,0.06458489127672701,05
10,36,36,50,50,1,2,0.7117370810591156,0.7421383647798743,0.2142857142857143,0.907103825136612,0.15855321918666976,0.07864060013639455,05
10,37,37,50,50,1,2,0.7348662823531462,0.7804878048780488,0.18181818181818177,0.9189189189189189,0.17441329899102698,0.07133688652009773,05
10,38,38,50,50,1,2,0.7302239024421708,0.7804878048780488,0.18181818181818177,0.88268156424581,0.15974791876448877,0.04934689349112422,05
10,39,39,50,50,1,2,0.7476028036749063,0.805959509552324,0.13084112149532712,0.9130434782608696,0.17369243961161596,0.05819096553200596,05
10,40,40,50,50,1,2,0.7475270472521555,0.8023952095808383,0.14814814814814814,0.907103825136612,0.16820405766178506,0.05819096553200596,05
10,41,41,50,50,1,2,0.716677118250787,0.7577639751552795,0.1651376146788991,0.907103825136612,0.16274983267696091,0.05903010033444813,05
10,42,42,50,50,1,2,0.7445574818246357,0.7951807228915663,0.14814814814814814,0.9247311827956989,0.1720926321650094,0.07227662093460549,05
10,43,43,50,50,1,2,0.7250814123926292,0.7730061349693251,0.14814814814814814,0.9247311827956989,0.17026178525902014,0.06458489127672701,05
10,44,44,50,50,1,2,0.7337941232504788,0.7841832963784183,0.1651376146788991,0.9247311827956989,0.17805876796267395,0.08858140548299864,05
10,45,45,50,50,1,2,0.7345159788102258,0.7804878048780488,0.14814814814814814,0.9189189189189189,0.17042028966208758,0.10444716351501662,05
10,46,46,50,50,1,2,0.7383391629218284,0.7804878048780488,0.19819819819819817,0.9010989010989011,0.16066603819365782,0.0933903957314362,05
10,47,47,50,50,1,2,0.7242835066846339,0.7654320987654322,0.14814814814814814,0.9130434782608696,0.16953060645431126,0.0703988603988605,05
10,48,48,50,50,1,2,0.7265742872086204,0.7615980369603559,0.1132075471698113,0.9417989417989419,0.16587023078394186,0.07697750766193971,05
10,49,49,50,50,1,2,0.7298950812503435,0.7804878048780488,0.13084112149532712,0.9189189189189189,0.171528039427672,0.09272045028142592,05
10,50,50,50,50,3,4,0.79589445030088,0.8732304957785819,0.01980198019801982,0.9583333333333334,0.24242840203716842,0.0840077460590771,05
10,51,51,50,50,3,4,0.7846747066061874,0.8636363636363636,0.039215686274509776,0.9528795811518325,0.23559732047048737,0.05554195804195805,05
10,52,52,50,50,3,4,0.7827731122491552,0.8668464304057524,0.01980198019801982,0.9583333333333334,0.23659814001028476,0.05968561342797252,05
10,53,53,50,50,3,4,0.7759094251468934,0.8538587848932677,0.039215686274509776,0.9637305699481865,0.23411714104788067,0.08296859569425241,05
10,54,54,50,50,3,4,0.7650364781057756,0.826969384244926,0.01980198019801982,0.9417989417989419,0.22667818954410685,0.08130239572265824,05
10,55,55,50,50,3,4,0.7834989302958074,0.8603896103896105,0.058252427184465994,0.9528795811518325,0.22971481256788057,0.06496984938138804,05
10,56,56,50,50,3,4,0.7716088349075502,0.8505747126436781,0.039215686274509776,0.9473684210526316,0.23865251289708908,0.0838100621820238,05
10,57,57,50,50,3,4,0.796687232521183,0.88268156424581,0.01980198019801982,0.9528795811518325,0.23640375881925796,0.05372550203835117,05
10,58,58,50,50,3,4,0.7923321227419745,0.8732304957785819,0.039215686274509776,0.9473684210526316,0.23372927109253733,0.07368682715897266,05
10,59,59,50,50,3,4,0.7808916392869544,0.8439306358381503,0.058252427184465994,0.9528795811518325,0.22777497715246725,0.061580422969090755,05
10,60,60,50,50,3,4,0.7866877976205224,0.8668464304057524,0.039215686274509776,0.9417989417989419,0.23942502180997483,0.06849174314999683,05
10,61,61,50,50,3,4,0.7921354261718565,0.8732304957785819,0.039215686274509776,0.9583333333333334,0.23932555243752313,0.07502087286527513,05
10,62,62,50,50,3,4,0.7834896308101187,0.8700564971751412,0.039215686274509776,0.9473684210526316,0.2379341810551789,0.07587270110347032,05
10,63,63,50,50,3,4,0.7862316622598798,0.8668464304057524,0.039215686274509776,0.9583333333333334,0.24126970481933976,0.06422181183721559,05
10,64,64,50,50,3,4,0.7874814855506881,0.8571428571428572,0.058252427184465994,0.9690721649484536,0.23359055972487264,0.07233606557377048,05
10,65,65,50,50,3,4,0.7725970532235708,0.8472526742409142,0.039215686274509776,0.9361702127659575,0.23539999410425833,0.07851714550509732,05
10,66,66,50,50,3,4,0.7700897026868297,0.8603896103896105,0.058252427184465994,0.9528795811518325,0.23538921694239462,0.07673913043478264,05
10,67,67,50,50,3,4,0.773703563820781,0.8472526742409142,0.058252427184465994,0.9473684210526316,0.23245006907612148,0.058833333333333286,05
10,68,68,50,50,3,4,0.7723930760848213,0.8700564971751412,0.058252427184465994,0.9361702127659575,0.238276467527791,0.08106068890103879,05
10,69,69,50,50,3,4,0.7707747213161527,0.8505747126436781,0.058252427184465994,0.9528795811518325,0.22848314962224764,0.05041828198326873,05
10,70,70,50,50,3,4,0.7739483874386669,0.8538587848932677,0.01980198019801982,0.9473684210526316,0.23739708973766038,0.05193563218390787,05
10,71,71,50,50,3,4,0.7835051145402936,0.8571428571428572,0.039215686274509776,0.9637305699481865,0.22962034177875904,0.0740721311475409,05
10,72,72,50,50,3,4,0.7851992921440589,0.8795430293139163,0.039215686274509776,0.9528795811518325,0.2374369244955581,0.05123335008796182,05
10,73,73,50,50,3,4,0.7761790786918015,0.8603896103896105,0.039215686274509776,0.9361702127659575,0.23439924689874017,0.05750226244343895,05
10,74,74,50,50,3,4,0.7904765614881792,0.8700564971751412,0.01980198019801982,0.9583333333333334,0.2442724304488407,0.06373249815770093,05
10,75,75,50,50,3,4,0.793418852423244,0.8668464304057524,0.01980198019801982,0.9637305699481865,0.24005146254908516,0.0663567774936062,05
10,76,76,50,50,3,4,0.7846529884831122,0.8636363636363636,0.01980198019801982,0.9528795811518325,0.23576031197235983,0.04790152176020159,05
10,77,77,50,50,3,4,0.7754880062529591,0.8538587848932677,0.01980198019801982,0.9417989417989419,0.23508986124166162,0.07629989675820782,05
10,78,78,50,50,3,4,0.7849383140339363,0.8636363636363636,0.058252427184465994,0.9583333333333334,0.24030055473886605,0.08196191646191635,05
10,79,79,50,50,3,4,0.7874034466844958,0.8700564971751412,0.058252427184465994,0.9690721649484536,0.23774706998390946,0.05878085043116252,05
10,80,80,50,50,3,4,0.7756373757353743,0.8439306358381503,0.039215686274509776,0.9473684210526316,0.23213099779039903,0.07227662093460549,05
10,81,81,50,50,3,4,0.7892014035118444,0.8636363636363636,0.039215686274509776,0.9417989417989419,0.23770322270695493,0.06444485842026824,05
10,82,82,50,50,3,4,0.7777291486623293,0.8700564971751412,0.0,0.9473684210526316,0.24621741259849966,0.07244342647732473,05
10,83,83,50,50,3,4,0.7745141670465118,0.8439306358381503,0.07692307692307687,0.9528795811518325,0.23200003715796244,0.08393006993006996,05
10,84,84,50,50,3,4,0.7612494914663368,0.8304093567251463,0.039215686274509776,0.9528795811518325,0.2279957107715209,0.06562410623084784,05
10,85,85,50,50,3,4,0.791936635702772,0.8888888888888888,0.01980198019801982,0.9583333333333334,0.2358172494189476,0.07335972290945082,05
10,86,86,50,50,3,4,0.7806110984160388,0.8571428571428572,0.058252427184465994,0.9637305699481865,0.23497389925419665,0.06015621301775164,05
10,87,87,50,50,3,4,0.7674373453093513,0.8405699690818658,0.039215686274509776,0.9417989417989419,0.23102826005104146,0.06243465099006374,05
10,88,88,50,50,3,4,0.7785121259255001,0.8538587848932677,0.039215686274509776,0.9473684210526316,0.23102650074919232,0.07003819628647207,05
10,89,89,50,50,3,4,0.7741208630490756,0.8439306358381503,0.039215686274509776,0.9417989417989419,0.238137900014208,0.061580422969090755,05
10,90,90,50,50,3,4,0.7856567204542527,0.8603896103896105,0.01980198019801982,0.9637305699481865,0.24062819673198874,0.07233606557377048,05
10,91,91,50,50,3,4,0.7790238360353602,0.8538587848932677,0.039215686274509776,0.9690721649484536,0.2348676623218028,0.07629989675820782,05
10,92,92,50,50,3,4,0.7977081845785287,0.88268156424581,0.01980198019801982,0.9473684210526316,0.23497692158092154,0.05989744545963075,05
10,93,93,50,50,3,4,0.7879384092475088,0.8700564971751412,0.039215686274509776,0.9417989417989419,0.23714293114536603,0.0663567774936062,05
10,94,94,50,50,3,4,0.7805266810905264,0.8571428571428572,0.01980198019801982,0.9473684210526316,0.2397908215432228,0.0820235615725072,05
10,95,95,50,50,3,4,0.7593272253247618,0.8304093567251463,0.058252427184465994,0.9304812834224598,0.22763741645144742,0.052229972521665696,05
10,96,96,50,50,3,4,0.7710152433833041,0.8505747126436781,0.058252427184465994,0.9528795811518325,0.22809454501119014,0.07143093124096629,05
10,97,97,50,50,3,4,0.7866298512160974,0.8700564971751412,0.039215686274509776,0.9583333333333334,0.240227385627381,0.07244342647732473,05
10,98,98,50,50,3,4,0.7779752387005858,0.8571428571428572,0.058252427184465994,0.9528795811518325,0.23268683582072058,0.0651692307692307,05
10,99,99,50,50,3,4,0.7801044772806889,0.8571428571428572,0.039215686274509776,0.9583333333333334,0.2357456000551617,0.0740721311475409,05
10,100,100,50,50,5,6,0.8069832608279826,0.8888888888888888,0.0,0.9528795811518325,0.25383641086105413,0.053139784946236564,05
10,101,101,50,50,5,6,0.7944493331596928,0.8888888888888888,0.0,0.9528795811518325,0.25603154237378783,0.06166488413547236,05
10,102,102,50,50,5,6,0.8044483068945801,0.88268156424581,0.01980198019801982,0.9583333333333334,0.2511071724076761,0.04760161818532074,05
10,103,103,50,50,5,6,0.7934096122710436,0.88268156424581,0.01980198019801982,0.9637305699481865,0.26097439560334373,0.05989744545963075,05
10,104,104,50,50,5,6,0.7856703057375866,0.8700564971751412,0.01980198019801982,0.9473684210526316,0.2508973137450328,0.07244342647732473,05
10,105,105,50,50,5,6,0.7895116816186468,0.8888888888888888,0.01980198019801982,0.9690721649484536,0.25656235014642026,0.053139784946236564,05
10,106,106,50,50,5,6,0.7793235460057243,0.8636363636363636,0.01980198019801982,0.9528795811518325,0.2472216752001538,0.05554195804195805,05
10,107,107,50,50,5,6,0.7930324344925382,0.88268156424581,0.01980198019801982,0.9528795811518325,0.2506391538999261,0.05372550203835117,05
10,108,108,50,50,5,6,0.787067260391912,0.8764044943820225,0.01980198019801982,0.9690721649484536,0.25793069365796734,0.08860865407602198,05
10,109,109,50,50,5,6,0.8047465232742899,0.8888888888888888,0.01980198019801982,0.9743589743589743,0.25438524346975666,0.040980958230958174,05
10,110,110,50,50,5,6,0.7964464765067126,0.88268156424581,0.01980198019801982,0.9637305699481865,0.25138095074510797,0.06234276446206523,05
10,111,111,50,50,5,6,0.7960499591276361,0.8700564971751412,0.01980198019801982,0.9637305699481865,0.24921250759652833,0.05878085043116252,05
10,112,112,50,50,5,6,0.7914520680189417,0.8700564971751412,0.0,0.9528795811518325,0.2590781664037751,0.061256674294431726,05
10,113,113,50,50,5,6,0.7895566912392927,0.8764044943820225,0.01980198019801982,0.9473684210526316,0.25594346591128114,0.06561213845424362,05
10,114,114,50,50,5,6,0.8025398976092744,0.8919582565991406,0.01980198019801982,0.9690721649484536,0.25371645387803893,0.05711423956825305,05
10,115,115,50,50,5,6,0.7986772098071593,0.88268156424581,0.0,0.9637305699481865,0.2590271108480407,0.07749877487013607,05
10,116,116,50,50,5,6,0.7940618085540624,0.88268156424581,0.01980198019801982,0.9583333333333334,0.25527753477225157,0.05558881424777372,05
10,117,117,50,50,5,6,0.7912936310043973,0.88268156424581,0.01980198019801982,0.9528795811518325,0.25665627591462375,0.06234276446206523,05
10,118,118,50,50,5,6,0.8014964180096951,0.8764044943820225,0.01980198019801982,0.9690721649484536,0.24761249570122085,0.05432095749877874,05
10,119,119,50,50,5,6,0.7921134225035087,0.8795430293139163,0.01980198019801982,0.9637305699481865,0.24843367836576233,0.040861635886728746,05
10,120,120,50,50,5,6,0.8015298198364985,0.8888888888888888,0.01980198019801982,0.98989898989899,0.257560507816275,0.05740233454085446,05
10,121,121,50,50,5,6,0.7839456398837514,0.8636363636363636,0.0,0.9637305699481865,0.25181769331181153,0.06444485842026824,05
10,122,122,50,50,5,6,0.7904673382425155,0.8700564971751412,0.01980198019801982,0.9528795811518325,0.2530345815737171,0.05492636843567662,05
10,123,123,50,50,5,6,0.7824924297199821,0.8571428571428572,0.0,0.9583333333333334,0.2558455926717008,0.07762049671149504,05
10,124,124,50,50,5,6,0.79495696689806,0.8795430293139163,0.0,0.9528795811518325,0.2548051300589523,0.05837869392837685,05
10,125,125,50,50,5,6,0.8036416099372006,0.8980632627041467,0.01980198019801982,0.9528795811518325,0.25537199639928093,0.05649736416164062,05
10,126,126,50,50,5,6,0.7987926665552623,0.8919582565991406,0.01980198019801982,0.9690721649484536,0.2515178181951431,0.051617311233885806,05
10,127,127,50,50,5,6,0.79391238635278,0.88268156424581,0.01980198019801982,0.9583333333333334,0.2554140242069361,0.06914251958711604,05
10,128,128,50,50,5,6,0.779909788591584,0.8668464304057524,0.01980198019801982,0.9637305699481865,0.25293327424636264,0.07454273073732003,05
10,129,129,50,50,5,6,0.8074457059703506,0.8950276243093923,0.01980198019801982,0.9690721649484536,0.254676989597452,0.07575639510746339,05
10,130,130,50,50,5,6,0.8017581009025421,0.8950276243093923,0.01980198019801982,0.9690721649484536,0.2578449263750053,0.05858297872340422,05
10,131,131,50,50,5,6,0.7969132966437327,0.8888888888888888,0.039215686274509776,0.9795918367346939,0.2512119919136746,0.054972191323692986,05
10,132,132,50,50,5,6,0.8018080654007039,0.88268156424581,0.0,0.9690721649484536,0.2575779497889946,0.06234276446206523,05
10,133,133,50,50,5,6,0.8063617889157352,0.8888888888888888,0.01980198019801982,0.9583333333333334,0.2503783234321205,0.053139784946236564,05
10,134,134,50,50,5,6,0.7947748758153721,0.8764044943820225,0.01980198019801982,0.9637305699481865,0.25055479742907416,0.07164914824211659,05
10,135,135,50,50,5,6,0.7809090398750972,0.8571428571428572,0.01980198019801982,0.9637305699481865,0.2491002655144523,0.09186506024096393,05
10,136,136,50,50,5,6,0.7896511785411354,0.8732304957785819,0.01980198019801982,0.9583333333333334,0.24678854427003094,0.056215874620829206,05
10,137,137,50,50,5,6,0.8044463877439157,0.8950276243093923,0.0,0.9795918367346939,0.2588593838939588,0.052563595001033914,05
10,138,138,50,50,5,6,0.7867245588679294,0.8700564971751412,0.0,0.9528795811518325,0.2467372274662866,0.0707122416534181,05
10,139,139,50,50,5,6,0.7862814710726146,0.8603896103896105,0.01980198019801982,0.9583333333333334,0.25401595244923186,0.07541363636363647,05
10,140,140,50,50,5,6,0.7878089472372551,0.8764044943820225,0.01980198019801982,0.9690721649484536,0.2533203219747557,0.07164914824211659,05
10,141,141,50,50,5,6,0.808199238332778,0.8919582565991406,0.01980198019801982,0.9743589743589743,0.2601214394293614,0.04858914037901726,05
10,142,142,50,50,5,6,0.802763301505539,0.88268156424581,0.039215686274509776,0.9583333333333334,0.25927868627223005,0.06741717552293104,05
10,143,143,50,50,5,6,0.8087513614210557,0.9010989010989011,0.0,0.9690721649484536,0.2591943230558591,0.0603418803418804,05
10,144,144,50,50,5,6,0.8020508753773208,0.8888888888888888,0.01980198019801982,0.9637305699481865,0.25052011549384234,0.0470666666666665,05
10,145,145,50,50,5,6,0.7945482584315562,0.8888888888888888,0.01980198019801982,0.9637305699481865,0.2506956607507878,0.044522522522522506,05
10,146,146,50,50,5,6,0.803909237971443,0.8950276243093923,0.01980198019801982,0.9690721649484536,0.25322938481452034,0.052563595001033914,05
10,147,147,50,50,5,6,0.7792356280330734,0.8571428571428572,0.0,0.9473684210526316,0.2464451369053038,0.07060000000000008,05
10,148,148,50,50,5,6,0.7900252290941578,0.88268156424581,0.0,0.9637305699481865,0.25448413765516936,0.06234276446206523,05
10,149,149,50,50,5,6,0.7952160973849477,0.88268156424581,0.01980198019801982,0.9637305699481865,0.25528347722542527,0.06234276446206523,05
20,150,150,50,50,1,2,0.8064778301460518,0.8372093023255813,0.13084112149532712,0.9690721649484536,0.13897437063691875,0.06231157186887072,05
20,151,151,50,50,1,2,0.8184100299471279,0.8439306358381503,0.1651376146788991,0.9637305699481865,0.13594204929513684,0.05745212645719627,05
20,152,152,50,50,1,2,0.8193042413030025,0.8472526742409142,0.14814814814814814,0.9690721649484536,0.13928728240177807,0.06866840903827708,05
20,153,153,50,50,1,2,0.818146124407543,0.8505747126436781,0.1651376146788991,0.9637305699481865,0.13425133415858967,0.05680459770114941,05
20,154,154,50,50,1,2,0.8189527866113113,0.8505747126436781,0.14814814814814814,0.9637305699481865,0.1399596730756772,0.07490716180371361,05
20,155,155,50,50,1,2,0.8263566723476323,0.8636363636363636,0.1132075471698113,0.9583333333333334,0.14069780397428902,0.06444485842026824,05
20,156,156,50,50,1,2,0.8184944171993727,0.8505747126436781,0.1651376146788991,0.9528795811518325,0.13792586168429685,0.06590588683558786,05
20,157,157,50,50,1,2,0.8219811305208221,0.8571428571428572,0.1651376146788991,0.9417989417989419,0.14123031942977893,0.07060000000000008,05
20,158,158,50,50,1,2,0.8163049618659137,0.8439306358381503,0.13084112149532712,0.9795918367346939,0.13881716141379272,0.061580422969090755,05
20,159,159,50,50,1,2,0.8147776057818557,0.8439306358381503,0.1651376146788991,0.9417989417989419,0.12874920653345362,0.05745212645719627,05
20,160,160,50,50,1,2,0.8133091492684059,0.8439306358381503,0.18181818181818177,0.9528795811518325,0.1377269113361599,0.06665510597302494,05
20,161,161,50,50,1,2,0.8161622144419153,0.8439306358381503,0.1651376146788991,0.9583333333333334,0.13607091356795978,0.05745212645719627,05
20,162,162,50,50,1,2,0.8094025537114345,0.8372093023255813,0.14814814814814814,0.9637305699481865,0.12767392299866395,0.04104651162790686,05
20,163,163,50,50,1,2,0.8151770519027007,0.8472526742409142,0.13084112149532712,0.9528795811518325,0.13952801854538346,0.0559368148295794,05
20,164,164,50,50,1,2,0.8131146385618956,0.8439306358381503,0.18181818181818177,0.9690721649484536,0.13466637067960022,0.05745212645719627,05
20,165,165,50,50,1,2,0.8178468963385848,0.8505747126436781,0.18181818181818177,0.9583333333333334,0.13291163655772856,0.05680459770114941,05
20,166,166,50,50,1,2,0.819078322453668,0.8505747126436781,0.18181818181818177,0.9690721649484536,0.13751243098965982,0.05680459770114941,05
20,167,167,50,50,1,2,0.812312518584971,0.8439306358381503,0.14814814814814814,0.9528795811518325,0.13595151701937153,0.05745212645719627,05
20,168,168,50,50,1,2,0.819507492238952,0.8538587848932677,0.1651376146788991,0.9528795811518325,0.13420019362860303,0.05193563218390787,05
20,169,169,50,50,1,2,0.8154141573334942,0.8571428571428572,0.18181818181818177,0.9473684210526316,0.13798368109197331,0.06015621301775164,05
20,170,170,50,50,1,2,0.8167888051725898,0.8439306358381503,0.13084112149532712,0.9637305699481865,0.13349214645148993,0.05745212645719627,05
20,171,171,50,50,1,2,0.8220541890745453,0.8538587848932677,0.1651376146788991,0.9637305699481865,0.13739567708418093,0.07003819628647207,05
20,172,172,50,50,1,2,0.8214707959199616,0.8505747126436781,0.14814814814814814,0.9583333333333334,0.131552143497092,0.05680459770114941,05
20,173,173,50,50,1,2,0.8172319925456307,0.8505747126436781,0.14814814814814814,0.9583333333333334,0.1353620922702501,0.05680459770114941,05
20,174,174,50,50,1,2,0.8121305589363628,0.8439306358381503,0.18181818181818177,0.9583333333333334,0.13805194472917376,0.061580422969090755,05
20,175,175,50,50,1,2,0.8171504868291968,0.8439306358381503,0.1651376146788991,0.9637305699481865,0.1398043856220851,0.06665510597302494,05
20,176,176,50,50,1,2,0.8127179146958564,0.8439306358381503,0.18181818181818177,0.9528795811518325,0.13313968792285752,0.06665510597302494,05
20,177,177,50,50,1,2,0.8143211135434325,0.8505747126436781,0.14814814814814814,0.9473684210526316,0.14003768977518066,0.060862068965517165,05
20,178,178,50,50,1,2,0.8278103960198305,0.8571428571428572,0.1651376146788991,0.9637305699481865,0.13410306896769417,0.04983529411764721,05
20,179,179,50,50,1,2,0.8154689337440272,0.8505747126436781,0.19819819819819817,0.9637305699481865,0.13797047019031358,0.06590588683558786,05
20,180,180,50,50,1,2,0.8167107288522168,0.8439306358381503,0.1651376146788991,0.9528795811518325,0.13418352676350676,0.05951627471314351,05
20,181,181,50,50,1,2,0.8255021346372047,0.8571428571428572,0.058252427184465994,0.9743589743589743,0.13832834851961506,0.0651692307692307,05
20,182,182,50,50,1,2,0.82261129582358,0.8571428571428572,0.1651376146788991,0.9417989417989419,0.13465786988564385,0.0470666666666665,05
20,183,183,50,50,1,2,0.818316237623123,0.8505747126436781,0.18181818181818177,0.9361702127659575,0.1319196764916772,0.05680459770114941,05
20,184,184,50,50,1,2,0.8167566500864271,0.8505747126436781,0.2142857142857143,0.9583333333333334,0.134900675262203,0.05041828198326873,05
20,185,185,50,50,1,2,0.8179025440114254,0.8505747126436781,0.1651376146788991,0.9637305699481865,0.13821379540119752,0.05680459770114941,05
20,186,186,50,50,1,2,0.804085566955701,0.8304093567251463,0.18181818181818177,0.9583333333333334,0.13340027630885212,0.060918335901386754,05
20,187,187,50,50,1,2,0.8168010669705863,0.8505747126436781,0.18181818181818177,0.9417989417989419,0.13223420814495263,0.05680459770114941,05
20,188,188,50,50,1,2,0.8313541685831504,0.8636363636363636,0.09523809523809523,0.9473684210526316,0.14223189171559789,0.05554195804195805,05
20,189,189,50,50,1,2,0.8121556930615283,0.8439306358381503,0.1651376146788991,0.9583333333333334,0.1423483748359979,0.07575639510746339,05
20,190,190,50,50,1,2,0.8198115271981689,0.8505747126436781,0.1651376146788991,0.9361702127659575,0.13437721017107385,0.05680459770114941,05
20,191,191,50,50,1,2,0.8228539941063336,0.8505747126436781,0.13084112149532712,0.9637305699481865,0.13209040124391241,0.05680459770114941,05
20,192,192,50,50,1,2,0.8274591489288454,0.8636363636363636,0.14814814814814814,0.9528795811518325,0.13634612335084867,0.04790152176020159,05
20,193,193,50,50,1,2,0.8094303840643066,0.8372093023255813,0.1651376146788991,0.9528795811518325,0.13266783225705397,0.05811079174287968,05
20,194,194,50,50,1,2,0.8182931928047307,0.8505747126436781,0.13084112149532712,0.9417989417989419,0.1275045931843764,0.0400973630831643,05
20,195,195,50,50,1,2,0.8152038473655925,0.8439306358381503,0.14814814814814814,0.9528795811518325,0.13702327593652827,0.05745212645719627,05
20,196,196,50,50,1,2,0.8177879754996201,0.8439306358381503,0.1651376146788991,0.9637305699481865,0.1367724914046275,0.05745212645719627,05
20,197,197,50,50,1,2,0.827803512928275,0.8571428571428572,0.1132075471698113,0.9637305699481865,0.13063312898736748,0.056167955801104945,05
20,198,198,50,50,1,2,0.8214599005525701,0.8571428571428572,0.13084112149532712,0.9473684210526316,0.1373252422029762,0.056167955801104945,05
20,199,199,50,50,1,2,0.8200716253291693,0.8571428571428572,0.1651376146788991,0.9361702127659575,0.13669040505608668,0.04983529411764721,05
20,200,200,50,50,3,4,0.8732207325920162,0.9189189189189189,0.039215686274509776,0.9743589743589743,0.176222254371971,0.03880023262576331,05
20,201,201,50,50,3,4,0.8659696047926456,0.9130434782608696,0.039215686274509776,0.9743589743589743,0.17764564852096892,0.03428769657724323,05
20,202,202,50,50,3,4,0.872063904055268,0.9130434782608696,0.01980198019801982,0.98989898989899,0.17872515728983593,0.05089016018306636,05
20,203,203,50,50,3,4,0.8655366585494966,0.9130434782608696,0.058252427184465994,0.9795918367346939,0.1808594298528832,0.05432095749877874,05
20,204,204,50,50,3,4,0.8685777323114092,0.9189189189189189,0.039215686274509776,0.9795918367346939,0.18240419542279865,0.042179231863442565,05
20,205,205,50,50,3,4,0.8649485601829768,0.9130434782608696,0.039215686274509776,0.9795918367346939,0.18005573608468134,0.042632850241545894,05
20,206,206,50,50,3,4,0.8683070402135837,0.9130434782608696,0.058252427184465994,0.9795918367346939,0.17667205088980142,0.042632850241545894,05
20,207,207,50,50,3,4,0.8642598093412025,0.9130434782608696,0.039215686274509776,0.9847715736040609,0.18010695427948087,0.042632850241545894,05
20,208,208,50,50,3,4,0.8671025519252553,0.9130434782608696,0.039215686274509776,0.98989898989899,0.17932002592346902,0.04501457371872738,05
20,209,209,50,50,3,4,0.8644652025143571,0.907103825136612,0.058252427184465994,0.9847715736040609,0.17489307063383835,0.04309382629926754,05
20,210,210,50,50,3,4,0.869183357267648,0.9130434782608696,0.039215686274509776,0.98989898989899,0.1736355042487641,0.042632850241545894,05
20,211,211,50,50,3,4,0.8625014979329438,0.9130434782608696,0.039215686274509776,0.9743589743589743,0.17778443122629997,0.04501457371872738,05
20,212,212,50,50,3,4,0.8670646133501358,0.9159811985898942,0.01980198019801982,0.9847715736040609,0.18148422434329395,0.031065769228272158,05
20,213,213,50,50,3,4,0.8641329521160813,0.9189189189189189,0.039215686274509776,0.9690721649484536,0.18105792039165128,0.042179231863442565,05
20,214,214,50,50,3,4,0.8598287788399737,0.9041013631177566,0.058252427184465994,0.9847715736040609,0.17908887602810677,0.04754527648842264,05
20,215,215,50,50,3,4,0.8703760496362634,0.9247311827956989,0.058252427184465994,0.98989898989899,0.18322626293955008,0.04403849581179812,05
20,216,216,50,50,3,4,0.8654074053792405,0.9130434782608696,0.039215686274509776,0.9743589743589743,0.1795635135653807,0.03581159420289871,05
20,217,217,50,50,3,4,0.8626079673800789,0.907103825136612,0.058252427184465994,0.9743589743589743,0.17738456876770467,0.04309382629926754,05
20,218,218,50,50,3,4,0.8550836292290181,0.9010989010989011,0.058252427184465994,0.9795918367346939,0.18307459128585304,0.05199672667757774,05
20,219,219,50,50,3,4,0.8763593433206279,0.9247311827956989,0.039215686274509776,0.9795918367346939,0.17642539887099923,0.0335619694397285,05
20,220,220,50,50,3,4,0.8631503577143025,0.907103825136612,0.039215686274509776,0.9795918367346939,0.17672728812160057,0.04309382629926754,05
20,221,221,50,50,3,4,0.8655495093194022,0.907103825136612,0.039215686274509776,0.98989898989899,0.18001189070052956,0.04309382629926754,05
20,222,222,50,50,3,4,0.8644379783496676,0.907103825136612,0.01980198019801982,0.9847715736040609,0.17897310037156372,0.04551482777675443,05
20,223,223,50,50,3,4,0.8754230925251408,0.9247311827956989,0.039215686274509776,0.9847715736040609,0.1816000490786813,0.03503722084367236,05
20,224,224,50,50,3,4,0.863281098780879,0.9130434782608696,0.01980198019801982,0.9847715736040609,0.1799459204130737,0.05089016018306636,05
20,225,225,50,50,3,4,0.8685270236744302,0.9130434782608696,0.039215686274509776,0.9795918367346939,0.17893161521692955,0.042632850241545894,05
20,226,226,50,50,3,4,0.8604207339246206,0.907103825136612,0.039215686274509776,0.9847715736040609,0.17870502994012902,0.04551482777675443,05
20,227,227,50,50,3,4,0.8693084303985644,0.9247311827956989,0.039215686274509776,0.9795918367346939,0.18160271490012514,0.03503722084367236,05
20,228,228,50,50,3,4,0.8623189187182426,0.9130434782608696,0.01980198019801982,0.9847715736040609,0.18146511417858557,0.04501457371872738,05
20,229,229,50,50,3,4,0.8745756425930604,0.9189189189189189,0.039215686274509776,0.9847715736040609,0.17984323249842887,0.042179231863442565,05
20,230,230,50,50,3,4,0.8659999544273365,0.907103825136612,0.01980198019801982,0.9795918367346939,0.17880452147862919,0.03620844399670307,05
20,231,231,50,50,3,4,0.8606160763692955,0.9130434782608696,0.039215686274509776,0.9795918367346939,0.1837196891525915,0.04501457371872738,05
20,232,232,50,50,3,4,0.867151704743293,0.9189189189189189,0.039215686274509776,0.9847715736040609,0.18360109081498532,0.042179231863442565,05
20,233,233,50,50,3,4,0.8725055276474305,0.9189189189189189,0.039215686274509776,0.9847715736040609,0.17996810764249016,0.035421233388084054,05
20,234,234,50,50,3,4,0.8655719381924228,0.9130434782608696,0.01980198019801982,0.98989898989899,0.18268330669549304,0.05089016018306636,05
20,235,235,50,50,3,4,0.8682227151093371,0.9130434782608696,0.039215686274509776,0.9949748743718593,0.18193810240522745,0.042632850241545894,05
20,236,236,50,50,3,4,0.8733840091912447,0.9189189189189189,0.039215686274509776,0.9795918367346939,0.1810002131306103,0.042179231863442565,05
20,237,237,50,50,3,4,0.8690839694570148,0.9189189189189189,0.039215686274509776,0.9847715736040609,0.17801577474680616,0.044522522522522506,05
20,238,238,50,50,3,4,0.8683522205534279,0.9189189189189189,0.0,0.9795918367346939,0.18223669444035792,0.042179231863442565,05
20,239,239,50,50,3,4,0.8699600438807886,0.9189189189189189,0.01980198019801982,0.9949748743718593,0.17944899194257466,0.042179231863442565,05
20,240,240,50,50,3,4,0.8653516082681856,0.9130434782608696,0.058252427184465994,0.9795918367346939,0.18052315635749924,0.042632850241545894,05
20,241,241,50,50,3,4,0.8793616427953941,0.9247311827956989,0.01980198019801982,0.9795918367346939,0.17677956472722128,0.03503722084367236,05
20,242,242,50,50,3,4,0.8571994987528174,0.9010989010989011,0.01980198019801982,0.9743589743589743,0.17993467775130798,0.05199672667757774,05
20,243,243,50,50,3,4,0.8749388122105424,0.9247311827956989,0.01980198019801982,0.98989898989899,0.1813881144352472,0.03503722084367236,05
20,244,244,50,50,3,4,0.8607939276959803,0.9010989010989011,0.058252427184465994,0.9949748743718593,0.17658713789782715,0.05199672667757774,05
20,245,245,50,50,3,4,0.8649771815592322,0.9130434782608696,0.01980198019801982,0.9795918367346939,0.18175688237873272,0.0392222222222223,05
20,246,246,50,50,3,4,0.8638375993960355,0.9130434782608696,0.01980198019801982,0.9949748743718593,0.178555977114671,0.042632850241545894,05
20,247,247,50,50,3,4,0.8748405319296433,0.9247311827956989,0.01980198019801982,0.9795918367346939,0.18041379073196795,0.0335619694397285,05
20,248,248,50,50,3,4,0.8713094454303846,0.9247311827956989,0.039215686274509776,0.9795918367346939,0.18368635198393013,0.03503722084367236,05
20,249,249,50,50,3,4,0.8631977233875958,0.9100736516987409,0.01980198019801982,0.9795918367346939,0.18010512991658217,0.04382371198013663,05
20,250,250,50,50,5,6,0.8750617356732022,0.9247311827956989,0.0,0.9847715736040609,0.19247725942749846,0.04173281540280365,05
20,251,251,50,50,5,6,0.8776681234521206,0.9304812834224598,0.01980198019801982,0.9949748743718593,0.19220410090459566,0.04356232003290816,05
20,252,252,50,50,5,6,0.8715317631897674,0.9247311827956989,0.01980198019801982,0.98989898989899,0.19409329036183748,0.04403849581179812,05
20,253,253,50,50,5,6,0.8803976700078786,0.9247311827956989,0.01980198019801982,0.9795918367346939,0.19223371704777273,0.04173281540280365,05
20,254,254,50,50,5,6,0.8805627462165353,0.9304812834224598,0.0,0.98989898989899,0.19412509152259855,0.0412934491978611,05
20,255,255,50,50,5,6,0.8895562707496478,0.9361702127659575,0.0,0.9949748743718593,0.19346421073615322,0.04086098555837278,05
20,256,256,50,50,5,6,0.8806857407118226,0.9304812834224598,0.01980198019801982,0.98989898989899,0.1914111457657603,0.0412934491978611,05
20,257,257,50,50,5,6,0.8835909604736032,0.9361702127659575,0.01980198019801982,0.9847715736040609,0.19407994992348057,0.03428769657724323,05
20,258,258,50,50,5,6,0.8767279229764529,0.9304812834224598,0.0,0.9949748743718593,0.19437733697252388,0.0412934491978611,05
20,259,259,50,50,5,6,0.8783610847602126,0.9304812834224598,0.01980198019801982,0.98989898989899,0.19362107406588377,0.034659419654597956,05
20,260,260,50,50,5,6,0.8775629054225833,0.9304812834224598,0.01980198019801982,0.98989898989899,0.1912791350872247,0.0412934491978611,05
20,261,261,50,50,5,6,0.8843072299686551,0.9361702127659575,0.01980198019801982,0.9743589743589743,0.19382952454953226,0.03285904255319151,05
20,262,262,50,50,5,6,0.8795674033928923,0.9304812834224598,0.0,0.98989898989899,0.19226200064494178,0.033207716213567856,05
20,263,263,50,50,5,6,0.8756881320656595,0.9304812834224598,0.01980198019801982,0.9847715736040609,0.191742491586383,0.033207716213567856,05
20,264,264,50,50,5,6,0.8748220979366726,0.9189189189189189,0.01980198019801982,0.9847715736040609,0.19120697353179214,0.042179231863442565,05
20,265,265,50,50,5,6,0.8688737549841717,0.9247311827956989,0.0,0.9847715736040609,0.19345604663037444,0.04403849581179812,05
20,266,266,50,50,5,6,0.8761164315129887,0.9304812834224598,0.01980198019801982,0.98989898989899,0.19143929352244607,0.0412934491978611,05
20,267,267,50,50,5,6,0.8869285838096213,0.9417989417989419,0.01980198019801982,0.98989898989899,0.19352451043092608,0.03251583189407012,05
20,268,268,50,50,5,6,0.8830496112609998,0.9361702127659575,0.01980198019801982,0.98989898989899,0.19325711331630605,0.04086098555837278,05
20,269,269,50,50,5,6,0.8729465308385553,0.9189189189189189,0.0,0.98989898989899,0.19250780142185758,0.042179231863442565,05
20,270,270,50,50,5,6,0.8755730932586887,0.9247311827956989,0.0,0.9847715736040609,0.19168160027258438,0.04403849581179812,05
20,271,271,50,50,5,6,0.8789695666075178,0.9304812834224598,0.0,0.9795918367346939,0.19257060295339418,0.0412934491978611,05
20,272,272,50,50,5,6,0.88677194559998,0.9361702127659575,0.0,0.98989898989899,0.19335278159278693,0.04309382629926754,05
20,273,273,50,50,5,6,0.8803127887995145,0.9304812834224598,0.01980198019801982,0.98989898989899,0.192135810192183,0.033207716213567856,05
20,274,274,50,50,5,6,0.8816330277252226,0.9304812834224598,0.01980198019801982,0.98989898989899,0.19084097798542712,0.0412934491978611,05
20,275,275,50,50,5,6,0.8852352715077952,0.9361702127659575,0.0,0.9847715736040609,0.19229766157984243,0.03285904255319151,05
20,276,276,50,50,5,6,0.8715360011609491,0.9189189189189189,0.01980198019801982,0.9949748743718593,0.1899282840178806,0.044522522522522506,05
20,277,277,50,50,5,6,0.8689948765015777,0.9130434782608696,0.01980198019801982,0.9795918367346939,0.18987909942461972,0.03581159420289871,05
20,278,278,50,50,5,6,0.8793109656546696,0.9304812834224598,0.01980198019801982,0.98989898989899,0.1940478678949177,0.04929539220304236,05
20,279,279,50,50,5,6,0.8839304599205926,0.9417989417989419,0.0,0.98989898989899,0.19513061952777982,0.04043528064146612,05
20,280,280,50,50,5,6,0.8816854988208894,0.9361702127659575,0.01980198019801982,0.9949748743718593,0.19151188645998318,0.04086098555837278,05
20,281,281,50,50,5,6,0.8808510206822501,0.9304812834224598,0.01980198019801982,0.98989898989899,0.19313394019977148,0.034659419654597956,05
20,282,282,50,50,5,6,0.883285963292713,0.9389845772824497,0.01980198019801982,0.9949748743718593,0.19418209375838824,0.03668840872622145,05
20,283,283,50,50,5,6,0.8928032379389325,0.9417989417989419,0.0,0.98989898989899,0.19222211375585563,0.03251583189407012,05
20,284,284,50,50,5,6,0.8838996441610718,0.9304812834224598,0.0,0.98989898989899,0.1938182046376635,0.034659419654597956,05
20,285,285,50,50,5,6,0.8769850686941669,0.9247311827956989,0.0,0.9949748743718593,0.19290011033590745,0.04981854838709689,05
20,286,286,50,50,5,6,0.8776504577975571,0.9247311827956989,0.0,0.9847715736040609,0.19149450450015726,0.04403849581179812,05
20,287,287,50,50,5,6,0.8784133638808319,0.9247311827956989,0.01980198019801982,0.9795918367346939,0.19251258674575955,0.03838501812323801,05
20,288,288,50,50,5,6,0.8862138340034329,0.9361702127659575,0.0,0.9949748743718593,0.19300807187718783,0.04086098555837278,05
20,289,289,50,50,5,6,0.8797929968976627,0.9304812834224598,0.01980198019801982,0.98989898989899,0.19188362123058175,0.034659419654597956,05
20,290,290,50,50,5,6,0.8790732109960072,0.9304812834224598,0.01980198019801982,0.9795918367346939,0.19397619949416253,0.0412934491978611,05
20,291,291,50,50,5,6,0.8761431463322706,0.9304812834224598,0.01980198019801982,0.98989898989899,0.19228513105196834,0.034659419654597956,05
20,292,292,50,50,5,6,0.8836265173450737,0.9304812834224598,0.01980198019801982,0.98989898989899,0.1907328776850058,0.04356232003290816,05
20,293,293,50,50,5,6,0.882962129229816,0.9304812834224598,0.0,0.9949748743718593,0.19276227338656451,0.0412934491978611,05
20,294,294,50,50,5,6,0.8807276181616461,0.9361702127659575,0.039215686274509776,0.9949748743718593,0.1916232470951253,0.03428769657724323,05
20,295,295,50,50,5,6,0.8845899780089187,0.9361702127659575,0.0,0.9949748743718593,0.1941379607942518,0.04086098555837278,05
20,296,296,50,50,5,6,0.8690984046382405,0.9189189189189189,0.0,0.9847715736040609,0.19203807218230257,0.044522522522522506,05
20,297,297,50,50,5,6,0.8805791641857681,0.9304812834224598,0.01980198019801982,0.98989898989899,0.19427047934243583,0.033207716213567856,05
20,298,298,50,50,5,6,0.8802745500753373,0.9304812834224598,0.0,0.9847715736040609,0.1955924519837761,0.034659419654597956,05
20,299,299,50,50,5,6,0.8715782358850421,0.9189189189189189,0.0,0.9949748743718593,0.19020325339220165,0.05035007782651771,05
40,300,300,50,50,1,2,0.8917766491939105,0.9130434782608696,0.19819819819819817,0.98989898989899,0.10451528384800425,0.042632850241545894,05
40,301,301,50,50,1,2,0.8872105934645983,0.907103825136612,0.14814814814814814,0.9847715736040609,0.10755706193152811,0.04309382629926754,05
40,302,302,50,50,1,2,0.8928909136319507,0.9189189189189189,0.1651376146788991,0.9847715736040609,0.10628366041395992,0.035421233388084054,05
40,303,303,50,50,1,2,0.8889164512821792,0.9130434782608696,0.18181818181818177,0.9847715736040609,0.1087638717933881,0.03581159420289871,05
40,304,304,50,50,1,2,0.8977515136029314,0.9189189189189189,0.09523809523809523,0.9847715736040609,0.10641815277553027,0.035421233388084054,05
40,305,305,50,50,1,2,0.8930857185912461,0.9130434782608696,0.1132075471698113,0.98989898989899,0.10641211134509922,0.03581159420289871,05
40,306,306,50,50,1,2,0.8861714596011177,0.907103825136612,0.18181818181818177,0.98989898989899,0.10690060299617551,0.04309382629926754,05
40,307,307,50,50,1,2,0.89034924472258,0.9130434782608696,0.19819819819819817,0.9847715736040609,0.10235903288033878,0.03428769657724323,05
40,308,308,50,50,1,2,0.8937782923888058,0.9130434782608696,0.13084112149532712,0.98989898989899,0.10525166669413136,0.03581159420289871,05
40,309,309,50,50,1,2,0.892594167614119,0.9130434782608696,0.1651376146788991,0.9847715736040609,0.10403084297007381,0.03581159420289871,05
40,310,310,50,50,1,2,0.8964237365710064,0.9189189189189189,0.14814814814814814,0.9847715736040609,0.10521489748064164,0.035421233388084054,05
40,311,311,50,50,1,2,0.8908804997381159,0.9130434782608696,0.18181818181818177,0.9847715736040609,0.10359529549652151,0.03581159420289871,05
40,312,312,50,50,1,2,0.8919710091525226,0.9189189189189189,0.18181818181818177,0.9949748743718593,0.10794096537883045,0.042179231863442565,05
40,313,313,50,50,1,2,0.8860294781061594,0.907103825136612,0.18181818181818177,0.98989898989899,0.10295053298107341,0.034659419654597956,05
40,314,314,50,50,1,2,0.8872901601325168,0.907103825136612,0.18181818181818177,0.98989898989899,0.10190420569338195,0.03620844399670307,05
40,315,315,50,50,1,2,0.8905451495195402,0.907103825136612,0.1132075471698113,0.9847715736040609,0.10240436789831811,0.034659419654597956,05
40,316,316,50,50,1,2,0.8895178493741364,0.9130434782608696,0.14814814814814814,0.9949748743718593,0.10960174199198272,0.04501457371872738,05
40,317,317,50,50,1,2,0.8872262397536754,0.907103825136612,0.1132075471698113,0.9847715736040609,0.1040436067815496,0.03620844399670307,05
40,318,318,50,50,1,2,0.8914864823565651,0.9130434782608696,0.14814814814814814,0.9847715736040609,0.10298586023967164,0.042632850241545894,05
40,319,319,50,50,1,2,0.8859789977423185,0.907103825136612,0.18181818181818177,0.9795918367346939,0.10730266411219301,0.04309382629926754,05
40,320,320,50,50,1,2,0.8854879315795191,0.907103825136612,0.1651376146788991,0.9847715736040609,0.10784117651030134,0.04551482777675443,05
40,321,321,50,50,1,2,0.8922584712663898,0.9130434782608696,0.14814814814814814,0.98989898989899,0.10451129188948254,0.03581159420289871,05
40,322,322,50,50,1,2,0.8947000336424992,0.9189189189189189,0.13084112149532712,0.98989898989899,0.10736987062226384,0.042179231863442565,05
40,323,323,50,50,1,2,0.8914807692201738,0.9130434782608696,0.14814814814814814,0.9847715736040609,0.10375164969842174,0.03581159420289871,05
40,324,324,50,50,1,2,0.8950000559248834,0.9130434782608696,0.14814814814814814,0.9847715736040609,0.10494524336515966,0.03581159420289871,05
40,325,325,50,50,1,2,0.8917006714476906,0.9130434782608696,0.14814814814814814,0.98989898989899,0.10691301979767662,0.042632850241545894,05
40,326,326,50,50,1,2,0.895972635849563,0.9189189189189189,0.14814814814814814,1.0,0.10684279785087251,0.035421233388084054,05
40,327,327,50,50,1,2,0.8871587206279148,0.907103825136612,0.14814814814814814,0.9847715736040609,0.10563039328579317,0.04309382629926754,05
40,328,328,50,50,1,2,0.8934305896145611,0.9189189189189189,0.1651376146788991,0.9949748743718593,0.10857721635670498,0.035421233388084054,05
40,329,329,50,50,1,2,0.8875636844544904,0.907103825136612,0.14814814814814814,0.9795918367346939,0.10445422103472547,0.034659419654597956,05
40,330,330,50,50,1,2,0.892309294393916,0.9130434782608696,0.14814814814814814,0.98989898989899,0.10556542150319669,0.03581159420289871,05
40,331,331,50,50,1,2,0.889195247545945,0.9130434782608696,0.1132075471698113,0.9795918367346939,0.10778404413134969,0.03581159420289871,05
40,332,332,50,50,1,2,0.8864905056938471,0.907103825136612,0.1651376146788991,0.9743589743589743,0.10312980612412587,0.034659419654597956,05
40,333,333,50,50,1,2,0.8992903484960366,0.9247311827956989,0.14814814814814814,0.9847715736040609,0.10777154068376209,0.04173281540280365,05
40,334,334,50,50,1,2,0.888406084685231,0.9100736516987409,0.18181818181818177,0.9847715736040609,0.10550586809721682,0.038690761438255304,05
40,335,335,50,50,1,2,0.8880112156897886,0.907103825136612,0.14814814814814814,0.98989898989899,0.10534141275204906,0.03620844399670307,05
40,336,336,50,50,1,2,0.8893305586777009,0.907103825136612,0.14814814814814814,0.9949748743718593,0.10600761145366239,0.04309382629926754,05
40,337,337,50,50,1,2,0.8906764117102032,0.9130434782608696,0.1651376146788991,0.98989898989899,0.10802603277896676,0.03581159420289871,05
40,338,338,50,50,1,2,0.8935756444861305,0.9189189189189189,0.09523809523809523,0.98989898989899,0.10512341732734476,0.033921921921922095,05
40,339,339,50,50,1,2,0.8973012352878592,0.9189189189189189,0.14814814814814814,0.98989898989899,0.10576241985614603,0.035421233388084054,05
40,340,340,50,50,1,2,0.8918449886604867,0.9130434782608696,0.18181818181818177,0.98989898989899,0.10434924380404044,0.03581159420289871,05
40,341,341,50,50,1,2,0.8874291835686126,0.907103825136612,0.18181818181818177,0.9847715736040609,0.10669316369738054,0.04309382629926754,05
40,342,342,50,50,1,2,0.8949868810799433,0.9130434782608696,0.1651376146788991,0.98989898989899,0.1061513837362702,0.03581159420289871,05
40,343,343,50,50,1,2,0.89443558065472,0.9189189189189189,0.1132075471698113,0.9949748743718593,0.10728474471267593,0.035421233388084054,05
40,344,344,50,50,1,2,0.8882517517212883,0.9130434782608696,0.14814814814814814,0.9847715736040609,0.1059688124146393,0.03581159420289871,05
40,345,345,50,50,1,2,0.8899547485386767,0.9130434782608696,0.1651376146788991,0.9847715736040609,0.10428800925482044,0.03581159420289871,05
40,346,346,50,50,1,2,0.8910878976793165,0.9130434782608696,0.14814814814814814,0.98989898989899,0.10594380870041158,0.042632850241545894,05
40,347,347,50,50,1,2,0.887618487848721,0.907103825136612,0.18181818181818177,0.9847715736040609,0.10340470679403622,0.03620844399670307,05
40,348,348,50,50,1,2,0.8891423961662723,0.9130434782608696,0.18181818181818177,0.9795918367346939,0.10589341343525831,0.03581159420289871,05
40,349,349,50,50,1,2,0.890939664104346,0.9130434782608696,0.14814814814814814,0.9795918367346939,0.10560113499721122,0.03581159420289871,05
40,350,350,50,50,3,4,0.9216001261757437,0.950124001102232,0.058252427184465994,1.0,0.13344194172700513,0.028092547718408075,05
40,351,351,50,50,3,4,0.9221880197268695,0.9473684210526316,0.039215686274509776,0.9949748743718593,0.13291965234446798,0.03217797069994565,05
40,352,352,50,50,3,4,0.9234446206054193,0.9528795811518325,0.039215686274509776,1.0,0.1342413796920193,0.024773309568898276,05
40,353,353,50,50,3,4,0.9252357754522206,0.9528795811518325,0.039215686274509776,0.9949748743718593,0.13246702138584773,0.024007124736870503,05
40,354,354,50,50,3,4,0.9217651622866967,0.9473684210526316,0.039215686274509776,0.9949748743718593,0.13294760594296157,0.024258521952549655,05
40,355,355,50,50,3,4,0.9213413002747182,0.9473684210526316,0.039215686274509776,1.0,0.1327078400623746,0.03217797069994565,05
40,356,356,50,50,3,4,0.9237101498962188,0.9528795811518325,0.039215686274509776,1.0,0.1332494198949019,0.024773309568898276,05
40,357,357,50,50,3,4,0.929014420325046,0.9583333333333334,0.039215686274509776,1.0,0.13255667625460008,0.0237596153846153,05
40,358,358,50,50,3,4,0.9253582589595899,0.9528795811518325,0.01980198019801982,1.0,0.13251508807523327,0.024773309568898276,05
40,359,359,50,50,3,4,0.926407839113835,0.9528795811518325,0.01980198019801982,0.9949748743718593,0.1341357535959515,0.024773309568898276,05
40,360,360,50,50,3,4,0.9207880284370585,0.9473684210526316,0.039215686274509776,1.0,0.13327971280863485,0.03217797069994565,05
40,361,361,50,50,3,4,0.9256552382577274,0.9528795811518325,0.039215686274509776,1.0,0.13410415739795195,0.024773309568898276,05
40,362,362,50,50,3,4,0.9279238488502111,0.9528795811518325,0.058252427184465994,0.9949748743718593,0.13237911723680168,0.024773309568898276,05
40,363,363,50,50,3,4,0.9218070473762523,0.9473684210526316,0.039215686274509776,1.0,0.13327642792590094,0.03217797069994565,05
40,364,364,50,50,3,4,0.9293759219331857,0.9583333333333334,0.058252427184465994,1.0,0.13404573507202489,0.024513888888888856,05
40,365,365,50,50,3,4,0.9226911667606206,0.9528795811518325,0.039215686274509776,1.0,0.13455341566729778,0.024773309568898276,05
40,366,366,50,50,3,4,0.9256002013648329,0.9528795811518325,0.01980198019801982,1.0,0.1340840357897326,0.03184534836890854,05
40,367,367,50,50,3,4,0.9245384545690049,0.9528795811518325,0.01980198019801982,1.0,0.13148313793540034,0.03184534836890854,05
40,368,368,50,50,3,4,0.9250437114443585,0.9528795811518325,0.058252427184465994,1.0,0.13343241072231218,0.024773309568898276,05
40,369,369,50,50,3,4,0.9248920894860865,0.9528795811518325,0.039215686274509776,1.0,0.1361717763237659,0.024773309568898276,05
40,370,370,50,50,3,4,0.9245547285262731,0.9528795811518325,0.01980198019801982,1.0,0.13340504144422097,0.03184534836890854,05
40,371,371,50,50,3,4,0.9212110812311157,0.9473684210526316,0.07692307692307687,0.9949748743718593,0.1306871272893292,0.024258521952549655,05
40,372,372,50,50,3,4,0.9276558113350619,0.9528795811518325,0.039215686274509776,1.0,0.13393778918040555,0.024773309568898276,05
40,373,373,50,50,3,4,0.9232820614094146,0.9473684210526316,0.0,1.0,0.13298727933502905,0.02503687025049271,05
40,374,374,50,50,3,4,0.9206822913595488,0.9473684210526316,0.039215686274509776,1.0,0.13320449788415306,0.03217797069994565,05
40,375,375,50,50,3,4,0.9249063530947359,0.9528795811518325,0.058252427184465994,0.9949748743718593,0.13288150545917538,0.024773309568898276,05
40,376,376,50,50,3,4,0.9235833036066168,0.9528795811518325,0.01980198019801982,1.0,0.13503589035472854,0.024773309568898276,05
40,377,377,50,50,3,4,0.929730362188221,0.9583333333333334,0.039215686274509776,0.9949748743718593,0.13212118217945915,0.0237596153846153,05
40,378,378,50,50,3,4,0.9246595393620523,0.9528795811518325,0.039215686274509776,0.9949748743718593,0.1345878808319318,0.024773309568898276,05
40,379,379,50,50,3,4,0.9332475160137951,0.9583333333333334,0.01980198019801982,1.0,0.1340921076881843,0.024513888888888856,05
40,380,380,50,50,3,4,0.9228262675517556,0.9528795811518325,0.039215686274509776,0.9949748743718593,0.1342753984898104,0.03184534836890854,05
40,381,381,50,50,3,4,0.9235960758016755,0.9528795811518325,0.039215686274509776,0.9949748743718593,0.13225563240311988,0.024773309568898276,05
40,382,382,50,50,3,4,0.9208352027094199,0.9528795811518325,0.058252427184465994,1.0,0.13405103534063192,0.024773309568898276,05
40,383,383,50,50,3,4,0.9281720232064009,0.9583333333333334,0.01980198019801982,1.0,0.1342033662007754,0.024513888888888856,05
40,384,384,50,50,3,4,0.918183327308422,0.9473684210526316,0.01980198019801982,1.0,0.1329913161621354,0.02503687025049271,05
40,385,385,50,50,3,4,0.927628924553733,0.9583333333333334,0.039215686274509776,1.0,0.13550929084836866,0.024513888888888856,05
40,386,386,50,50,3,4,0.9194594358900684,0.9528795811518325,0.039215686274509776,1.0,0.13579836189823033,0.03184534836890854,05
40,387,387,50,50,3,4,0.9198138030382623,0.9473684210526316,0.058252427184465994,0.9949748743718593,0.13138595136529085,0.02503687025049271,05
40,388,388,50,50,3,4,0.9238137617493587,0.9528795811518325,0.039215686274509776,1.0,0.13436333772385345,0.024773309568898276,05
40,389,389,50,50,3,4,0.9255859110183211,0.9528795811518325,0.039215686274509776,0.9949748743718593,0.1328712215219924,0.024773309568898276,05
40,390,390,50,50,3,4,0.9180037233233813,0.9473684210526316,0.01980198019801982,1.0,0.13373392367475978,0.03217797069994565,05
40,391,391,50,50,3,4,0.9231054437318282,0.9473684210526316,0.07692307692307687,1.0,0.13165113135459744,0.03217797069994565,05
40,392,392,50,50,3,4,0.9187141252156995,0.9473684210526316,0.039215686274509776,0.9949748743718593,0.13398763796527774,0.03217797069994565,05
40,393,393,50,50,3,4,0.922357513081253,0.9528795811518325,0.039215686274509776,1.0,0.13478300755594344,0.03184534836890854,05
40,394,394,50,50,3,4,0.9207295018678606,0.9473684210526316,0.0,0.9949748743718593,0.13341988824862383,0.03217797069994565,05
40,395,395,50,50,3,4,0.9278946999494714,0.9528795811518325,0.039215686274509776,1.0,0.13284644904193232,0.024773309568898276,05
40,396,396,50,50,3,4,0.9286634889173315,0.9583333333333334,0.039215686274509776,1.0,0.1336927211181524,0.0237596153846153,05
40,397,397,50,50,3,4,0.9272648383623471,0.9528795811518325,0.058252427184465994,1.0,0.1339684250963134,0.024773309568898276,05
40,398,398,50,50,3,4,0.9251321629370185,0.9528795811518325,0.039215686274509776,1.0,0.13343150307369045,0.024773309568898276,05
40,399,399,50,50,3,4,0.9229024000271449,0.9528795811518325,0.039215686274509776,1.0,0.13683459092032493,0.03184534836890854,05
40,400,400,50,50,5,6,0.9318614954390669,0.9637305699481865,0.01980198019801982,1.0,0.14378200521403545,0.03119539202019932,05
40,401,401,50,50,5,6,0.9361598505807862,0.9637305699481865,0.01980198019801982,1.0,0.1431583998787359,0.023515914137675786,05
40,402,402,50,50,5,6,0.9319384667361429,0.9637305699481865,0.01980198019801982,1.0,0.14311095515273067,0.024258521952549655,05
40,403,403,50,50,5,6,0.9301666512649763,0.9583333333333334,0.01980198019801982,1.0,0.14378407388427294,0.031517857142857056,05
40,404,404,50,50,5,6,0.935968268862337,0.9637305699481865,0.0,1.0,0.143072865316662,0.023515914137675786,05
40,405,405,50,50,5,6,0.9354214257655724,0.9637305699481865,0.01980198019801982,1.0,0.14256274499022895,0.023515914137675786,05
40,406,406,50,50,5,6,0.9354619802100956,0.9637305699481865,0.01980198019801982,1.0,0.14355384231539597,0.023515914137675786,05
40,407,407,50,50,5,6,0.929686206418501,0.9583333333333334,0.0,1.0,0.1424264510281015,0.024513888888888856,05
40,408,408,50,50,5,6,0.9356259393234041,0.9637305699481865,0.01980198019801982,1.0,0.14189916635869404,0.024258521952549655,05
40,409,409,50,50,5,6,0.9395046940771369,0.9690721649484536,0.01980198019801982,1.0,0.14281630272726342,0.023275943272803325,05
40,410,410,50,50,5,6,0.9368169080840693,0.9637305699481865,0.0,1.0,0.14443511279062102,0.023515914137675786,05
40,411,411,50,50,5,6,0.9328946513456873,0.9637305699481865,0.01980198019801982,1.0,0.14168583635692897,0.024258521952549655,05
40,412,412,50,50,5,6,0.9316493814103591,0.9583333333333334,0.01980198019801982,1.0,0.1413816332901402,0.0237596153846153,05
40,413,413,50,50,5,6,0.9377119648588413,0.9690721649484536,0.01980198019801982,1.0,0.1443796997597435,0.023275943272803325,05
40,414,414,50,50,5,6,0.9326934356919085,0.9637305699481865,0.0,1.0,0.1421580480880299,0.023515914137675786,05
40,415,415,50,50,5,6,0.9316331855641939,0.9637305699481865,0.01980198019801982,1.0,0.14271713318803822,0.023515914137675786,05
40,416,416,50,50,5,6,0.935725316058047,0.9637305699481865,0.01980198019801982,1.0,0.14378374108020056,0.023515914137675786,05
40,417,417,50,50,5,6,0.9346876058614229,0.9637305699481865,0.0,1.0,0.14219140376096756,0.023515914137675786,05
40,418,418,50,50,5,6,0.9308610793784524,0.9583333333333334,0.01980198019801982,1.0,0.1430718812940489,0.0237596153846153,05
40,419,419,50,50,5,6,0.9292203415695629,0.9583333333333334,0.01980198019801982,1.0,0.14221881246300958,0.024513888888888856,05
40,420,420,50,50,5,6,0.9315028971434102,0.9583333333333334,0.01980198019801982,1.0,0.14313645024882124,0.031517857142857056,05
40,421,421,50,50,5,6,0.9319051392189731,0.9637305699481865,0.0,1.0,0.14310481520041518,0.023515914137675786,05
40,422,422,50,50,5,6,0.9354456368080639,0.9637305699481865,0.01980198019801982,1.0,0.14231854245763034,0.023515914137675786,05
40,423,423,50,50,5,6,0.9363524316792028,0.9637305699481865,0.0,1.0,0.1424364568367777,0.023515914137675786,05
40,424,424,50,50,5,6,0.9297412398669362,0.9583333333333334,0.039215686274509776,1.0,0.14177335589811205,0.024513888888888856,05
40,425,425,50,50,5,6,0.9266444390580761,0.9583333333333334,0.0,1.0,0.1421857009884994,0.024513888888888856,05
40,426,426,50,50,5,6,0.9292822497980251,0.9583333333333334,0.01980198019801982,1.0,0.14224614583821457,0.024513888888888856,05
40,427,427,50,50,5,6,0.9376127218877867,0.9690721649484536,0.01980198019801982,1.0,0.14229942437711404,0.023275943272803325,05
40,428,428,50,50,5,6,0.9320850973770791,0.9637305699481865,0.01980198019801982,1.0,0.14258000141132346,0.024258521952549655,05
40,429,429,50,50,5,6,0.9359385532315918,0.9637305699481865,0.01980198019801982,1.0,0.14283512379654018,0.023515914137675786,05
40,430,430,50,50,5,6,0.9294651372072424,0.9583333333333334,0.01980198019801982,1.0,0.14111507795908565,0.031517857142857056,05
40,431,431,50,50,5,6,0.9286141337692174,0.9583333333333334,0.01980198019801982,1.0,0.1421082426486058,0.0237596153846153,05
40,432,432,50,50,5,6,0.9286412931682088,0.9583333333333334,0.01980198019801982,1.0,0.14196928118819288,0.024513888888888856,05
40,433,433,50,50,5,6,0.9276369421970554,0.9583333333333334,0.0,1.0,0.14391455561590075,0.024513888888888856,05
40,434,434,50,50,5,6,0.9342476470544185,0.9637305699481865,0.0,1.0,0.14300071071154508,0.024258521952549655,05
40,435,435,50,50,5,6,0.9303610046700086,0.9583333333333334,0.0,1.0,0.141470088384281,0.024513888888888856,05
40,436,436,50,50,5,6,0.9372869482490654,0.9690721649484536,0.01980198019801982,1.0,0.14457449676124606,0.023275943272803325,05
40,437,437,50,50,5,6,0.9288842797698426,0.9583333333333334,0.0,1.0,0.14210525780640973,0.024513888888888856,05
40,438,438,50,50,5,6,0.9334697033188738,0.9637305699481865,0.0,1.0,0.144297155903223,0.024258521952549655,05
40,439,439,50,50,5,6,0.9314658238758692,0.9583333333333334,0.01980198019801982,1.0,0.1422216778664961,0.0237596153846153,05
40,440,440,50,50,5,6,0.9330217904727058,0.9637305699481865,0.01980198019801982,1.0,0.14293592311631187,0.02388721804511272,05
40,441,441,50,50,5,6,0.9301788491020807,0.9583333333333334,0.01980198019801982,1.0,0.14294403254769125,0.024513888888888856,05
40,442,442,50,50,5,6,0.9333736760828577,0.9637305699481865,0.01980198019801982,1.0,0.1432394487688779,0.024258521952549655,05
40,443,443,50,50,5,6,0.9347419337687112,0.9637305699481865,0.01980198019801982,1.0,0.14290496844696585,0.024258521952549655,05
40,444,444,50,50,5,6,0.93730192776091,0.9637305699481865,0.0,1.0,0.14179955968289593,0.023515914137675786,05
40,445,445,50,50,5,6,0.9371554817036614,0.9690721649484536,0.01980198019801982,1.0,0.14430479227993154,0.023275943272803325,05
40,446,446,50,50,5,6,0.9252449428542505,0.9528795811518325,0.01980198019801982,1.0,0.14156845956548644,0.03184534836890854,05
40,447,447,50,50,5,6,0.9357136106336809,0.9637305699481865,0.01980198019801982,1.0,0.14327078824811454,0.024258521952549655,05
40,448,448,50,50,5,6,0.9299400888691025,0.9583333333333334,0.0,1.0,0.1417024128489764,0.024513888888888856,05
40,449,449,50,50,5,6,0.9296714665053933,0.9583333333333334,0.01980198019801982,1.0,0.14267215671231706,0.024513888888888856,05
